Date,PX_LAST
2000-01-04,0.14
2000-01-05,0.13357
2000-01-06,0.12286
2000-01-07,0.11714
2000-01-11,0.11286
2000-01-12,0.11357
2000-01-13,0.11286
2000-01-14,0.10714
2000-01-17,0.10643
2000-01-18,0.10429
2000-01-19,0.10286
2000-01-20,0.09857
2000-01-21,0.09714
2000-01-24,0.09429
2000-01-25,0.09071
2000-01-26,0.08786
2000-01-27,0.08643
2000-01-28,0.09357
2000-01-31,0.095
2000-02-01,0.095
2000-02-02,0.09571
2000-02-03,0.09571
2000-02-04,0.09429
2000-02-07,0.09429
2000-02-08,0.095
2000-02-09,0.09429
2000-02-10,0.09429
2000-02-14,0.09357
2000-02-15,0.09357
2000-02-16,0.09357
2000-02-17,0.09357
2000-02-18,0.09357
2000-02-21,0.09286
2000-02-22,0.09214
2000-02-23,0.09143
2000-02-24,0.09286
2000-02-25,0.1
2000-02-28,0.13
2000-02-29,0.125
2000-03-01,0.12571
2000-03-02,0.125
2000-03-03,0.12429
2000-03-06,0.12357
2000-03-07,0.12357
2000-03-08,0.12357
2000-03-09,0.12357
2000-03-10,0.125
2000-03-13,0.12571
2000-03-14,0.12643
2000-03-15,0.13
2000-03-16,0.13929
2000-03-17,0.14786
2000-03-21,0.15714
2000-03-22,0.16643
2000-03-23,0.17571
2000-03-24,0.185
2000-03-27,0.175
2000-03-28,0.155
2000-03-29,0.13643
2000-03-30,0.12
2000-03-31,0.11857
2000-04-03,0.115
2000-04-04,0.11429
2000-04-05,0.11286
2000-04-06,0.11071
2000-04-07,0.10929
2000-04-10,0.10714
2000-04-11,0.10643
2000-04-12,0.10571
2000-04-13,0.10929
2000-04-14,0.10786
2000-04-17,0.105
2000-04-18,0.10429
2000-04-19,0.10214
2000-04-20,0.10143
2000-04-21,0.1
2000-04-24,0.09857
2000-04-25,0.09643
2000-04-26,0.09571
2000-04-27,0.09643
2000-04-28,0.09571
2000-05-01,0.095
2000-05-02,0.09429
2000-05-08,0.09286
2000-05-09,0.09214
2000-05-10,0.09071
2000-05-11,0.09
2000-05-12,0.09
2000-05-15,0.09
2000-05-16,0.09
2000-05-17,0.09
2000-05-18,0.09
2000-05-19,0.09
2000-05-22,0.09
2000-05-23,0.09
2000-05-24,0.08929
2000-05-25,0.08929
2000-05-26,0.08929
2000-05-29,0.08857
2000-05-30,0.08929
2000-05-31,0.08929
2000-06-01,0.08929
2000-06-02,0.08929
2000-06-05,0.08857
2000-06-06,0.08929
2000-06-07,0.09
2000-06-08,0.09
2000-06-09,0.09
2000-06-12,0.09
2000-06-13,0.09
2000-06-14,0.09
2000-06-15,0.09
2000-06-16,0.09
2000-06-19,0.09
2000-06-20,0.09
2000-06-21,0.09
2000-06-22,0.09143
2000-06-23,0.095
2000-06-26,0.10143
2000-06-27,0.10429
2000-06-28,0.10929
2000-06-29,0.135
2000-06-30,0.15429
2000-07-03,0.16357
2000-07-04,0.17357
2000-07-05,0.17643
2000-07-06,0.17714
2000-07-07,0.17714
2000-07-10,0.17786
2000-07-11,0.185
2000-07-12,0.23214
2000-07-13,0.23714
2000-07-14,0.22786
2000-07-17,0.215
2000-07-18,0.13
2000-07-19,0.12857
2000-07-21,0.13
2000-07-24,0.13214
2000-07-25,0.13429
2000-07-26,0.13857
2000-07-27,0.14357
2000-07-28,0.14429
2000-07-31,0.13571
2000-08-01,0.12929
2000-08-02,0.125
2000-08-03,0.12357
2000-08-04,0.12143
2000-08-07,0.115
2000-08-08,0.11357
2000-08-09,0.11571
2000-08-10,0.24214
2000-08-11,0.27571
2000-08-14,0.30571
2000-08-15,0.31571
2000-08-16,0.335
2000-08-17,0.34714
2000-08-18,0.35214
2000-08-21,0.35429
2000-08-22,0.355
2000-08-23,0.35643
2000-08-24,0.35643
2000-08-25,0.35786
2000-08-28,0.36429
2000-08-29,0.36643
2000-08-30,0.40429
2000-08-31,0.40786
2000-09-01,0.41071
2000-09-04,0.41357
2000-09-05,0.41429
2000-09-06,0.415
2000-09-07,0.41429
2000-09-08,0.41286
2000-09-11,0.40929
2000-09-12,0.405
2000-09-13,0.40357
2000-09-14,0.40357
2000-09-18,0.40214
2000-09-19,0.40286
2000-09-20,0.40357
2000-09-21,0.40571
2000-09-22,0.41214
2000-09-25,0.41571
2000-09-26,0.41929
2000-09-27,0.41429
2000-09-28,0.36571
2000-09-29,0.36571
2000-10-02,0.36714
2000-10-03,0.36714
2000-10-04,0.36643
2000-10-05,0.36429
2000-10-06,0.36
2000-10-10,0.35714
2000-10-11,0.355
2000-10-12,0.35286
2000-10-13,0.35071
2000-10-16,0.34929
2000-10-17,0.34857
2000-10-18,0.34714
2000-10-19,0.34571
2000-10-20,0.34357
2000-10-23,0.34286
2000-10-24,0.34286
2000-10-25,0.34286
2000-10-26,0.34286
2000-10-27,0.34143
2000-10-30,0.34071
2000-10-31,0.34286
2000-11-01,0.34286
2000-11-02,0.34214
2000-11-06,0.34143
2000-11-07,0.34071
2000-11-08,0.34
2000-11-09,0.33857
2000-11-10,0.33857
2000-11-13,0.33786
2000-11-14,0.33786
2000-11-15,0.33786
2000-11-16,0.33786
2000-11-17,0.33714
2000-11-20,0.33714
2000-11-21,0.33714
2000-11-22,0.33714
2000-11-24,0.33714
2000-11-27,0.33714
2000-11-28,0.33714
2000-11-29,0.65143
2000-11-30,0.68214
2000-12-01,0.69429
2000-12-04,0.69929
2000-12-05,0.70214
2000-12-06,0.70571
2000-12-07,0.71
2000-12-08,0.71929
2000-12-11,0.79571
2000-12-12,0.82429
2000-12-13,0.77214
2000-12-14,0.775
2000-12-15,0.81286
2000-12-18,0.825
2000-12-19,0.83286
2000-12-20,0.84929
2000-12-21,0.86357
2000-12-22,0.86571
2000-12-25,0.87571
2000-12-26,0.89571
2000-12-27,0.96143
2000-12-28,0.54857
2000-12-29,0.54357
2001-01-04,0.565
2001-01-05,0.58571
2001-01-09,0.55714
2001-01-10,0.54
2001-01-11,0.51857
2001-01-12,0.49714
2001-01-15,0.48429
2001-01-16,0.47714
2001-01-17,0.47143
2001-01-18,0.46357
2001-01-19,0.45714
2001-01-22,0.44929
2001-01-23,0.44429
2001-01-24,0.44286
2001-01-25,0.43714
2001-01-26,0.43429
2001-01-29,0.43071
2001-01-30,0.42929
2001-01-31,0.42786
2001-02-01,0.42571
2001-02-02,0.42143
2001-02-05,0.42
2001-02-06,0.41357
2001-02-07,0.40571
2001-02-08,0.395
2001-02-09,0.38643
2001-02-13,0.36571
2001-02-14,0.36071
2001-02-15,0.35643
2001-02-16,0.35429
2001-02-19,0.35071
2001-02-20,0.34929
2001-02-21,0.345
2001-02-22,0.34286
2001-02-23,0.33929
2001-02-26,0.33571
2001-02-27,0.405
2001-02-28,0.39643
2001-03-01,0.32357
2001-03-02,0.31071
2001-03-05,0.3
2001-03-06,0.29429
2001-03-07,0.29071
2001-03-08,0.28857
2001-03-09,0.28571
2001-03-12,0.285
2001-03-13,0.28143
2001-03-14,0.27786
2001-03-15,0.26857
2001-03-16,0.25714
2001-03-19,0.22786
2001-03-21,0.16071
2001-03-22,0.15786
2001-03-23,0.15714
2001-03-26,0.15429
2001-03-27,0.15
2001-03-28,0.14643
2001-03-29,0.11714
2001-03-30,0.11357
2001-04-02,0.11385
2001-04-03,0.11231
2001-04-04,0.11154
2001-04-05,0.11
2001-04-06,0.10846
2001-04-09,0.10615
2001-04-10,0.10538
2001-04-11,0.10308
2001-04-12,0.10154
2001-04-13,0.1
2001-04-16,0.09846
2001-04-17,0.09692
2001-04-18,0.09462
2001-04-19,0.09077
2001-04-20,0.08923
2001-04-23,0.08462
2001-04-24,0.08385
2001-04-25,0.08154
2001-04-26,0.07923
2001-04-27,0.07692
2001-05-01,0.07308
2001-05-02,0.07231
2001-05-07,0.07154
2001-05-08,0.07
2001-05-09,0.06846
2001-05-10,0.06615
2001-05-11,0.06538
2001-05-14,0.06385
2001-05-15,0.06385
2001-05-16,0.06385
2001-05-17,0.06308
2001-05-18,0.06308
2001-05-21,0.06231
2001-05-22,0.06231
2001-05-23,0.06154
2001-05-24,0.06154
2001-05-25,0.06154
2001-05-28,0.06154
2001-05-29,0.06154
2001-05-30,0.06308
2001-05-31,0.06308
2001-06-01,0.06231
2001-06-04,0.06154
2001-06-05,0.06154
2001-06-06,0.06154
2001-06-07,0.06154
2001-06-08,0.06154
2001-06-11,0.06154
2001-06-12,0.06154
2001-06-13,0.06154
2001-06-14,0.06154
2001-06-15,0.06154
2001-06-18,0.06154
2001-06-19,0.06154
2001-06-20,0.06231
2001-06-21,0.06231
2001-06-22,0.06231
2001-06-25,0.06308
2001-06-26,0.06462
2001-06-27,0.06769
2001-06-28,0.06846
2001-06-29,0.06846
2001-07-02,0.06846
2001-07-03,0.06846
2001-07-04,0.06846
2001-07-05,0.06846
2001-07-06,0.06846
2001-07-09,0.06769
2001-07-10,0.06615
2001-07-11,0.06615
2001-07-12,0.06538
2001-07-13,0.06462
2001-07-16,0.06385
2001-07-17,0.06308
2001-07-18,0.06385
2001-07-19,0.06462
2001-07-23,0.06462
2001-07-24,0.06538
2001-07-25,0.06538
2001-07-26,0.06538
2001-07-27,0.06538
2001-07-30,0.06538
2001-07-31,0.06538
2001-08-01,0.06538
2001-08-02,0.06538
2001-08-03,0.06538
2001-08-06,0.06538
2001-08-07,0.06462
2001-08-08,0.06462
2001-08-09,0.06385
2001-08-10,0.06385
2001-08-13,0.06385
2001-08-14,0.06308
2001-08-15,0.05615
2001-08-16,0.05615
2001-08-17,0.05615
2001-08-20,0.05615
2001-08-21,0.05538
2001-08-22,0.05538
2001-08-23,0.05385
2001-08-24,0.05308
2001-08-27,0.05231
2001-08-28,0.05231
2001-08-29,0.05231
2001-08-30,0.07154
2001-08-31,0.07154
2001-09-03,0.07077
2001-09-04,0.07077
2001-09-05,0.07077
2001-09-06,0.06692
2001-09-07,0.06308
2001-09-10,0.06154
2001-09-11,0.06077
2001-09-12,0.06308
2001-09-13,0.06231
2001-09-14,0.06154
2001-09-17,0.06077
2001-09-18,0.06077
2001-09-19,0.06077
2001-09-20,0.06077
2001-09-21,0.06154
2001-09-25,0.06462
2001-09-26,0.06538
2001-09-27,0.06077
2001-09-28,0.06077
2001-10-01,0.06077
2001-10-02,0.06077
2001-10-03,0.06077
2001-10-04,0.06
2001-10-05,0.06
2001-10-09,0.06
2001-10-10,0.06077
2001-10-11,0.06
2001-10-12,0.06
2001-10-15,0.06
2001-10-16,0.06
2001-10-17,0.06
2001-10-18,0.06
2001-10-19,0.06
2001-10-22,0.06
2001-10-23,0.06
2001-10-24,0.06
2001-10-25,0.06
2001-10-26,0.06
2001-10-29,0.06
2001-10-30,0.06077
2001-10-31,0.06077
2001-11-01,0.06077
2001-11-02,0.06077
2001-11-05,0.06077
2001-11-06,0.06077
2001-11-07,0.06077
2001-11-08,0.06
2001-11-09,0.06
2001-11-12,0.06
2001-11-13,0.05923
2001-11-14,0.05923
2001-11-15,0.05923
2001-11-16,0.05923
2001-11-19,0.05923
2001-11-20,0.05923
2001-11-21,0.05923
2001-11-22,0.05923
2001-11-26,0.05923
2001-11-27,0.05923
2001-11-28,0.05923
2001-11-29,0.08692
2001-11-30,0.09077
2001-12-03,0.09154
2001-12-04,0.09077
2001-12-05,0.09077
2001-12-06,0.09077
2001-12-07,0.09077
2001-12-10,0.09077
2001-12-11,0.09077
2001-12-12,0.09077
2001-12-13,0.09077
2001-12-14,0.09077
2001-12-17,0.09077
2001-12-18,0.09077
2001-12-19,0.09077
2001-12-20,0.09077
2001-12-21,0.09077
2001-12-25,0.08846
2001-12-26,0.08538
2001-12-27,0.07077
2001-12-28,0.06923
2002-01-04,0.06769
2002-01-07,0.06692
2002-01-08,0.06692
2002-01-09,0.06615
2002-01-10,0.06615
2002-01-11,0.06538
2002-01-15,0.06417
2002-01-16,0.06417
2002-01-17,0.06333
2002-01-18,0.06167
2002-01-21,0.06167
2002-01-22,0.06167
2002-01-23,0.06167
2002-01-24,0.06167
2002-01-25,0.06167
2002-01-28,0.06167
2002-01-29,0.06167
2002-01-30,0.06167
2002-01-31,0.06167
2002-02-01,0.06167
2002-02-04,0.06167
2002-02-05,0.06167
2002-02-06,0.06167
2002-02-07,0.06167
2002-02-08,0.06167
2002-02-12,0.06167
2002-02-13,0.06167
2002-02-14,0.06167
2002-02-15,0.06167
2002-02-18,0.06167
2002-02-19,0.06167
2002-02-20,0.06167
2002-02-21,0.06167
2002-02-22,0.06167
2002-02-25,0.06167
2002-02-26,0.06167
2002-02-27,0.1475
2002-02-28,0.14917
2002-03-01,0.14833
2002-03-04,0.14917
2002-03-05,0.14833
2002-03-06,0.14833
2002-03-07,0.14833
2002-03-08,0.15
2002-03-11,0.15333
2002-03-12,0.15833
2002-03-13,0.15917
2002-03-14,0.16
2002-03-15,0.16
2002-03-18,0.16
2002-03-19,0.16
2002-03-20,0.15583
2002-03-22,0.155
2002-03-25,0.1525
2002-03-26,0.15
2002-03-27,0.14917
2002-03-28,0.10333
2002-03-29,0.09917
2002-04-01,0.0975
2002-04-02,0.095
2002-04-03,0.09167
2002-04-04,0.0875
2002-04-05,0.08333
2002-04-08,0.08167
2002-04-09,0.08167
2002-04-10,0.08167
2002-04-11,0.08167
2002-04-12,0.07917
2002-04-15,0.07583
2002-04-16,0.075
2002-04-17,0.07417
2002-04-18,0.0725
2002-04-19,0.0725
2002-04-22,0.0725
2002-04-23,0.0725
2002-04-24,0.0725
2002-04-25,0.0725
2002-04-26,0.07167
2002-04-30,0.07167
2002-05-01,0.07167
2002-05-02,0.07083
2002-05-07,0.07083
2002-05-08,0.07083
2002-05-09,0.07083
2002-05-10,0.07
2002-05-13,0.06917
2002-05-14,0.0675
2002-05-15,0.06583
2002-05-16,0.06417
2002-05-17,0.06417
2002-05-20,0.06417
2002-05-21,0.06333
2002-05-22,0.06333
2002-05-23,0.06333
2002-05-24,0.06333
2002-05-27,0.06333
2002-05-28,0.06333
2002-05-29,0.06333
2002-05-30,0.06333
2002-05-31,0.0625
2002-06-03,0.06167
2002-06-04,0.06167
2002-06-05,0.06167
2002-06-06,0.06083
2002-06-07,0.05917
2002-06-10,0.05917
2002-06-11,0.05917
2002-06-12,0.05917
2002-06-13,0.05917
2002-06-14,0.05917
2002-06-17,0.05917
2002-06-18,0.05917
2002-06-19,0.05833
2002-06-20,0.05833
2002-06-21,0.05833
2002-06-24,0.05833
2002-06-25,0.05833
2002-06-26,0.05833
2002-06-27,0.0575
2002-06-28,0.0575
2002-07-01,0.0575
2002-07-02,0.0575
2002-07-03,0.0575
2002-07-04,0.05667
2002-07-05,0.05667
2002-07-08,0.05667
2002-07-09,0.05583
2002-07-10,0.05583
2002-07-11,0.05583
2002-07-12,0.05583
2002-07-15,0.05583
2002-07-16,0.05583
2002-07-17,0.05583
2002-07-18,0.05583
2002-07-19,0.05583
2002-07-22,0.05583
2002-07-23,0.05583
2002-07-24,0.055
2002-07-25,0.055
2002-07-26,0.055
2002-07-29,0.055
2002-07-30,0.055
2002-07-31,0.05417
2002-08-01,0.05333
2002-08-02,0.05333
2002-08-05,0.05333
2002-08-06,0.05333
2002-08-07,0.05333
2002-08-08,0.05333
2002-08-09,0.05333
2002-08-12,0.05333
2002-08-13,0.05333
2002-08-14,0.05333
2002-08-15,0.05333
2002-08-16,0.05333
2002-08-19,0.05333
2002-08-20,0.05333
2002-08-21,0.05333
2002-08-22,0.05333
2002-08-23,0.05333
2002-08-26,0.05333
2002-08-27,0.05333
2002-08-28,0.05333
2002-08-29,0.07583
2002-08-30,0.0725
2002-09-02,0.0725
2002-09-03,0.0725
2002-09-04,0.0725
2002-09-05,0.0725
2002-09-06,0.0725
2002-09-09,0.0725
2002-09-10,0.0725
2002-09-11,0.0725
2002-09-12,0.0725
2002-09-13,0.0725
2002-09-17,0.07167
2002-09-18,0.07167
2002-09-19,0.07167
2002-09-20,0.07
2002-09-24,0.07
2002-09-25,0.07
2002-09-26,0.07
2002-09-27,0.06
2002-09-30,0.05917
2002-10-01,0.05667
2002-10-02,0.05667
2002-10-03,0.05583
2002-10-04,0.05583
2002-10-07,0.05583
2002-10-08,0.05583
2002-10-09,0.05583
2002-10-10,0.05583
2002-10-11,0.05583
2002-10-15,0.05583
2002-10-16,0.05583
2002-10-17,0.05583
2002-10-18,0.05583
2002-10-21,0.05583
2002-10-22,0.05583
2002-10-23,0.05583
2002-10-24,0.05583
2002-10-25,0.05583
2002-10-28,0.05583
2002-10-29,0.05583
2002-10-30,0.05667
2002-10-31,0.05667
2002-11-01,0.05667
2002-11-05,0.05583
2002-11-06,0.05583
2002-11-07,0.05583
2002-11-08,0.05583
2002-11-11,0.05583
2002-11-12,0.05583
2002-11-13,0.05583
2002-11-14,0.05583
2002-11-15,0.05583
2002-11-18,0.05583
2002-11-19,0.05583
2002-11-20,0.05583
2002-11-21,0.05583
2002-11-22,0.05583
2002-11-25,0.05583
2002-11-26,0.05583
2002-11-27,0.05583
2002-11-28,0.07833
2002-11-29,0.07833
2002-12-02,0.07833
2002-12-03,0.07833
2002-12-04,0.07833
2002-12-05,0.07833
2002-12-06,0.07833
2002-12-09,0.0775
2002-12-10,0.07667
2002-12-11,0.075
2002-12-12,0.07417
2002-12-13,0.07333
2002-12-16,0.0725
2002-12-17,0.0725
2002-12-18,0.07083
2002-12-19,0.07
2002-12-20,0.06917
2002-12-24,0.06833
2002-12-25,0.06833
2002-12-26,0.06833
2002-12-27,0.0625
2002-12-30,0.06083
2003-01-06,0.05917
2003-01-07,0.05917
2003-01-08,0.05917
2003-01-09,0.05917
2003-01-10,0.05917
2003-01-14,0.05917
2003-01-15,0.05917
2003-01-16,0.05917
2003-01-17,0.05917
2003-01-20,0.05917
2003-01-21,0.05917
2003-01-22,0.05917
2003-01-23,0.05917
2003-01-24,0.05917
2003-01-27,0.05917
2003-01-28,0.05917
2003-01-29,0.05917
2003-01-30,0.05917
2003-01-31,0.05917
2003-02-03,0.05917
2003-02-04,0.05917
2003-02-05,0.05917
2003-02-06,0.05917
2003-02-07,0.05917
2003-02-10,0.05917
2003-02-12,0.05917
2003-02-13,0.05917
2003-02-14,0.05917
2003-02-17,0.05917
2003-02-18,0.05917
2003-02-19,0.05917
2003-02-20,0.05917
2003-02-21,0.05917
2003-02-24,0.05917
2003-02-25,0.05917
2003-02-26,0.05917
2003-02-27,0.09167
2003-02-28,0.09083
2003-03-03,0.09
2003-03-04,0.09
2003-03-05,0.09
2003-03-06,0.09
2003-03-07,0.09
2003-03-10,0.08917
2003-03-11,0.08917
2003-03-12,0.08917
2003-03-13,0.08917
2003-03-14,0.08917
2003-03-17,0.08917
2003-03-18,0.08917
2003-03-19,0.08833
2003-03-20,0.0875
2003-03-24,0.08667
2003-03-25,0.08667
2003-03-26,0.08667
2003-03-27,0.08583
2003-03-28,0.06417
2003-03-31,0.0625
2003-04-01,0.06167
2003-04-02,0.06
2003-04-03,0.06
2003-04-04,0.06
2003-04-07,0.06
2003-04-08,0.06
2003-04-09,0.06
2003-04-10,0.06
2003-04-11,0.06
2003-04-14,0.06
2003-04-15,0.06
2003-04-16,0.06
2003-04-17,0.06
2003-04-18,0.06
2003-04-21,0.06
2003-04-22,0.06
2003-04-23,0.06
2003-04-24,0.06
2003-04-25,0.06
2003-04-28,0.06
2003-04-30,0.06
2003-05-01,0.06
2003-05-02,0.06
2003-05-06,0.06
2003-05-07,0.06
2003-05-08,0.06
2003-05-09,0.06
2003-05-12,0.06
2003-05-13,0.06
2003-05-14,0.06
2003-05-15,0.06
2003-05-16,0.06
2003-05-19,0.06
2003-05-20,0.06
2003-05-21,0.06
2003-05-22,0.06
2003-05-23,0.06
2003-05-26,0.06
2003-05-27,0.06
2003-05-28,0.06
2003-05-29,0.06
2003-05-30,0.06
2003-06-02,0.06
2003-06-03,0.06
2003-06-04,0.06
2003-06-05,0.06
2003-06-06,0.06
2003-06-09,0.06
2003-06-10,0.06
2003-06-11,0.06
2003-06-12,0.06
2003-06-13,0.06
2003-06-16,0.06
2003-06-17,0.06
2003-06-18,0.06
2003-06-19,0.06
2003-06-20,0.06
2003-06-23,0.06
2003-06-24,0.06
2003-06-25,0.06
2003-06-26,0.06
2003-06-27,0.06
2003-06-30,0.06
2003-07-01,0.06
2003-07-02,0.06
2003-07-03,0.06
2003-07-04,0.06
2003-07-07,0.06
2003-07-08,0.06
2003-07-09,0.06
2003-07-10,0.06
2003-07-11,0.06
2003-07-14,0.06
2003-07-15,0.06
2003-07-16,0.06
2003-07-17,0.06
2003-07-18,0.06
2003-07-22,0.06
2003-07-23,0.06
2003-07-24,0.06
2003-07-25,0.06
2003-07-28,0.06
2003-07-29,0.06
2003-07-30,0.06
2003-07-31,0.06
2003-08-01,0.06
2003-08-04,0.06
2003-08-05,0.06
2003-08-06,0.06
2003-08-07,0.06
2003-08-08,0.06
2003-08-11,0.06
2003-08-12,0.06
2003-08-13,0.06
2003-08-14,0.06
2003-08-15,0.06
2003-08-18,0.06
2003-08-19,0.06
2003-08-20,0.06
2003-08-21,0.06
2003-08-22,0.06
2003-08-25,0.06
2003-08-26,0.06
2003-08-27,0.06
2003-08-28,0.08667
2003-08-29,0.08417
2003-09-01,0.0825
2003-09-02,0.08167
2003-09-03,0.08
2003-09-04,0.08
2003-09-05,0.08
2003-09-08,0.08
2003-09-09,0.08
2003-09-10,0.08
2003-09-11,0.08
2003-09-12,0.08
2003-09-16,0.08
2003-09-17,0.07833
2003-09-18,0.07667
2003-09-19,0.07583
2003-09-22,0.0725
2003-09-24,0.07083
2003-09-25,0.07
2003-09-26,0.07
2003-09-29,0.0625
2003-09-30,0.06
2003-10-01,0.06
2003-10-02,0.06
2003-10-03,0.06
2003-10-06,0.06
2003-10-07,0.06
2003-10-08,0.06
2003-10-09,0.06
2003-10-10,0.06
2003-10-14,0.06
2003-10-15,0.06
2003-10-16,0.06
2003-10-17,0.06
2003-10-20,0.06
2003-10-21,0.06
2003-10-22,0.06
2003-10-23,0.06
2003-10-24,0.06
2003-10-27,0.06
2003-10-28,0.06
2003-10-29,0.06
2003-10-30,0.06
2003-10-31,0.06
2003-11-04,0.06
2003-11-05,0.06
2003-11-06,0.06
2003-11-07,0.06
2003-11-10,0.06
2003-11-11,0.06
2003-11-12,0.06
2003-11-13,0.06
2003-11-14,0.06
2003-11-17,0.06
2003-11-18,0.06
2003-11-19,0.06
2003-11-20,0.06
2003-11-21,0.06
2003-11-25,0.06
2003-11-26,0.06
2003-11-27,0.07417
2003-11-28,0.07167
2003-12-01,0.07
2003-12-02,0.07
2003-12-03,0.07
2003-12-04,0.07
2003-12-05,0.07
2003-12-08,0.07
2003-12-09,0.07
2003-12-10,0.07
2003-12-11,0.07
2003-12-12,0.06917
2003-12-15,0.06917
2003-12-16,0.06917
2003-12-17,0.06833
2003-12-18,0.06833
2003-12-19,0.0675
2003-12-22,0.0675
2003-12-24,0.0675
2003-12-25,0.0675
2003-12-26,0.0675
2003-12-29,0.06167
2003-12-30,0.06
2004-01-05,0.06
2004-01-06,0.06
2004-01-07,0.06
2004-01-08,0.06
2004-01-09,0.06
2004-01-13,0.06
2004-01-14,0.06
2004-01-15,0.06
2004-01-16,0.06
2004-01-19,0.06
2004-01-20,0.06
2004-01-21,0.06
2004-01-22,0.06
2004-01-23,0.06
2004-01-26,0.06
2004-01-27,0.06
2004-01-28,0.06
2004-01-29,0.06
2004-01-30,0.06
2004-02-02,0.06
2004-02-03,0.06
2004-02-04,0.06
2004-02-05,0.06
2004-02-06,0.06
2004-02-09,0.06
2004-02-10,0.06
2004-02-12,0.06
2004-02-13,0.06
2004-02-16,0.06
2004-02-17,0.06
2004-02-18,0.06
2004-02-19,0.06
2004-02-20,0.06
2004-02-23,0.06
2004-02-24,0.06
2004-02-25,0.06
2004-02-26,0.07583
2004-02-27,0.07417
2004-03-01,0.07167
2004-03-02,0.07083
2004-03-03,0.07083
2004-03-04,0.07
2004-03-05,0.07
2004-03-08,0.07
2004-03-09,0.07
2004-03-10,0.07
2004-03-11,0.07
2004-03-12,0.07
2004-03-15,0.07
2004-03-16,0.07
2004-03-17,0.07
2004-03-18,0.07
2004-03-19,0.07
2004-03-22,0.07
2004-03-23,0.07
2004-03-24,0.07
2004-03-25,0.07
2004-03-26,0.07
2004-03-29,0.06917
2004-03-30,0.0625
2004-03-31,0.06
2004-04-01,0.06
2004-04-02,0.06
2004-04-05,0.06
2004-04-06,0.06
2004-04-07,0.06
2004-04-08,0.06
2004-04-09,0.06
2004-04-12,0.06
2004-04-13,0.06
2004-04-14,0.06
2004-04-15,0.06
2004-04-16,0.06
2004-04-19,0.06
2004-04-20,0.06
2004-04-21,0.06
2004-04-22,0.06
2004-04-23,0.06
2004-04-26,0.06
2004-04-27,0.06
2004-04-28,0.06
2004-04-30,0.06
2004-05-06,0.06
2004-05-07,0.06
2004-05-10,0.06
2004-05-11,0.06
2004-05-12,0.06
2004-05-13,0.06
2004-05-14,0.06
2004-05-17,0.06
2004-05-18,0.06
2004-05-19,0.06
2004-05-20,0.06
2004-05-21,0.06
2004-05-24,0.06
2004-05-25,0.06
2004-05-26,0.06
2004-05-27,0.06
2004-05-28,0.06
2004-05-31,0.06
2004-06-01,0.06
2004-06-02,0.06
2004-06-03,0.06
2004-06-04,0.06
2004-06-07,0.06
2004-06-08,0.06
2004-06-09,0.06
2004-06-10,0.06
2004-06-11,0.06
2004-06-14,0.06
2004-06-15,0.06
2004-06-16,0.06
2004-06-17,0.06
2004-06-18,0.06
2004-06-21,0.06
2004-06-22,0.06
2004-06-23,0.06
2004-06-24,0.06
2004-06-25,0.06
2004-06-28,0.06
2004-06-29,0.06
2004-06-30,0.06
2004-07-01,0.06
2004-07-02,0.06
2004-07-05,0.06
2004-07-06,0.06
2004-07-07,0.06
2004-07-08,0.06
2004-07-09,0.06
2004-07-12,0.06
2004-07-13,0.06
2004-07-14,0.06
2004-07-15,0.06
2004-07-16,0.06
2004-07-20,0.06
2004-07-21,0.06
2004-07-22,0.06
2004-07-23,0.06
2004-07-26,0.06
2004-07-27,0.06
2004-07-28,0.06
2004-07-29,0.06
2004-07-30,0.06
2004-08-02,0.06
2004-08-03,0.06
2004-08-04,0.06
2004-08-05,0.06
2004-08-06,0.06
2004-08-09,0.06
2004-08-10,0.06
2004-08-11,0.06
2004-08-12,0.06
2004-08-13,0.06
2004-08-16,0.06
2004-08-17,0.06
2004-08-18,0.06
2004-08-19,0.06
2004-08-20,0.06
2004-08-23,0.06
2004-08-24,0.06
2004-08-25,0.06
2004-08-26,0.06
2004-08-27,0.06
2004-08-30,0.0725
2004-08-31,0.07
2004-09-01,0.07
2004-09-02,0.07
2004-09-03,0.07
2004-09-06,0.07
2004-09-07,0.07
2004-09-08,0.07
2004-09-09,0.07
2004-09-10,0.07
2004-09-13,0.07
2004-09-14,0.07
2004-09-15,0.07
2004-09-16,0.07
2004-09-17,0.07
2004-09-21,0.07
2004-09-22,0.07
2004-09-24,0.07
2004-09-27,0.07
2004-09-28,0.07
2004-09-29,0.06
2004-09-30,0.06
2004-10-01,0.06
2004-10-04,0.06
2004-10-05,0.06
2004-10-06,0.06
2004-10-07,0.06
2004-10-08,0.06
2004-10-12,0.06
2004-10-13,0.06
2004-10-14,0.06
2004-10-15,0.06
2004-10-18,0.06
2004-10-19,0.06
2004-10-20,0.06
2004-10-21,0.06
2004-10-22,0.06
2004-10-25,0.06
2004-10-26,0.06
2004-10-27,0.06
2004-10-28,0.06
2004-10-29,0.06
2004-11-01,0.06
2004-11-02,0.06
2004-11-04,0.06
2004-11-05,0.06
2004-11-08,0.06
2004-11-09,0.06
2004-11-10,0.06
2004-11-11,0.06
2004-11-12,0.06
2004-11-15,0.06
2004-11-16,0.06
2004-11-17,0.06
2004-11-18,0.06
2004-11-19,0.06
2004-11-22,0.06
2004-11-24,0.06
2004-11-25,0.06
2004-11-26,0.06
2004-11-29,0.06833
2004-11-30,0.06833
2004-12-01,0.06833
2004-12-02,0.06833
2004-12-03,0.06833
2004-12-06,0.06833
2004-12-07,0.06833
2004-12-08,0.06833
2004-12-09,0.0675
2004-12-10,0.0675
2004-12-13,0.0675
2004-12-14,0.0675
2004-12-15,0.0675
2004-12-16,0.0675
2004-12-17,0.0675
2004-12-20,0.0675
2004-12-21,0.0675
2004-12-22,0.0675
2004-12-24,0.0675
2004-12-27,0.0675
2004-12-28,0.0675
2004-12-29,0.06167
2004-12-30,0.06083
2005-01-04,0.06
2005-01-05,0.06
2005-01-06,0.06
2005-01-07,0.06
2005-01-11,0.06
2005-01-12,0.06
2005-01-13,0.06
2005-01-14,0.06
2005-01-17,0.06
2005-01-18,0.06
2005-01-19,0.06
2005-01-20,0.06
2005-01-21,0.06
2005-01-24,0.06
2005-01-25,0.06
2005-01-26,0.06
2005-01-27,0.06
2005-01-28,0.06
2005-01-31,0.06
2005-02-01,0.06
2005-02-02,0.06
2005-02-03,0.06
2005-02-04,0.06
2005-02-07,0.06
2005-02-08,0.06
2005-02-09,0.06
2005-02-10,0.06
2005-02-14,0.06
2005-02-15,0.06
2005-02-16,0.06
2005-02-17,0.06
2005-02-18,0.06
2005-02-21,0.06
2005-02-22,0.06
2005-02-23,0.06
2005-02-24,0.06
2005-02-25,0.08167
2005-02-28,0.07917
2005-03-01,0.07917
2005-03-02,0.07917
2005-03-03,0.07917
2005-03-04,0.07917
2005-03-07,0.07917
2005-03-08,0.07917
2005-03-09,0.07917
2005-03-10,0.07917
2005-03-11,0.07917
2005-03-14,0.07917
2005-03-15,0.07917
2005-03-16,0.07917
2005-03-17,0.07917
2005-03-18,0.07917
2005-03-22,0.07917
2005-03-23,0.07917
2005-03-24,0.07917
2005-03-25,0.07917
2005-03-28,0.07917
2005-03-29,0.07917
2005-03-30,0.06417
2005-03-31,0.0625
2005-04-01,0.06167
2005-04-04,0.06
2005-04-05,0.06
2005-04-06,0.06
2005-04-07,0.06
2005-04-08,0.06
2005-04-11,0.06
2005-04-12,0.06
2005-04-13,0.06
2005-04-14,0.06
2005-04-15,0.06
2005-04-18,0.06
2005-04-19,0.06
2005-04-20,0.06
2005-04-21,0.06
2005-04-22,0.06
2005-04-25,0.06
2005-04-26,0.06
2005-04-27,0.06
2005-04-28,0.06
2005-05-02,0.06
2005-05-06,0.06
2005-05-09,0.06
2005-05-10,0.06
2005-05-11,0.06
2005-05-12,0.06
2005-05-13,0.06
2005-05-16,0.06
2005-05-17,0.06
2005-05-18,0.06
2005-05-19,0.06
2005-05-20,0.06
2005-05-23,0.06
2005-05-24,0.06
2005-05-25,0.06
2005-05-26,0.06
2005-05-27,0.06
2005-05-30,0.06
2005-05-31,0.05917
2005-06-01,0.06
2005-06-02,0.06
2005-06-03,0.06
2005-06-06,0.06
2005-06-07,0.06
2005-06-08,0.06
2005-06-09,0.06
2005-06-10,0.06
2005-06-13,0.06
2005-06-14,0.06
2005-06-15,0.06
2005-06-16,0.06
2005-06-17,0.06
2005-06-20,0.06
2005-06-21,0.06
2005-06-22,0.06
2005-06-23,0.06
2005-06-24,0.06
2005-06-27,0.06
2005-06-28,0.06
2005-06-29,0.06
2005-06-30,0.06
2005-07-01,0.06
2005-07-04,0.06
2005-07-05,0.06
2005-07-06,0.06
2005-07-07,0.06
2005-07-08,0.06
2005-07-11,0.06
2005-07-12,0.06
2005-07-13,0.06
2005-07-14,0.06
2005-07-15,0.06
2005-07-19,0.06
2005-07-20,0.06
2005-07-21,0.06
2005-07-22,0.06
2005-07-25,0.06
2005-07-26,0.06
2005-07-27,0.06
2005-07-28,0.06
2005-07-29,0.05917
2005-08-01,0.05917
2005-08-02,0.05917
2005-08-03,0.05917
2005-08-04,0.05917
2005-08-05,0.05917
2005-08-08,0.05917
2005-08-09,0.05917
2005-08-10,0.05917
2005-08-11,0.05917
2005-08-12,0.05917
2005-08-15,0.05917
2005-08-16,0.05917
2005-08-17,0.05917
2005-08-18,0.05917
2005-08-19,0.05917
2005-08-22,0.05917
2005-08-23,0.05917
2005-08-24,0.05917
2005-08-25,0.05917
2005-08-26,0.05917
2005-08-29,0.05917
2005-08-30,0.07083
2005-08-31,0.07083
2005-09-01,0.07083
2005-09-02,0.07
2005-09-05,0.06917
2005-09-06,0.06917
2005-09-07,0.06917
2005-09-08,0.06917
2005-09-09,0.06917
2005-09-12,0.06917
2005-09-13,0.06917
2005-09-14,0.06917
2005-09-15,0.06917
2005-09-16,0.06917
2005-09-20,0.06917
2005-09-21,0.06917
2005-09-22,0.06917
2005-09-26,0.06917
2005-09-27,0.06917
2005-09-28,0.06917
2005-09-29,0.06167
2005-09-30,0.06083
2005-10-03,0.06
2005-10-04,0.06
2005-10-05,0.06
2005-10-06,0.06
2005-10-07,0.06
2005-10-11,0.06
2005-10-12,0.06
2005-10-13,0.06
2005-10-14,0.06
2005-10-17,0.06
2005-10-18,0.06
2005-10-19,0.06
2005-10-20,0.06
2005-10-21,0.06
2005-10-24,0.06
2005-10-25,0.06
2005-10-26,0.06
2005-10-27,0.06
2005-10-28,0.06083
2005-10-31,0.06
2005-11-01,0.06
2005-11-02,0.06
2005-11-04,0.06
2005-11-07,0.06
2005-11-08,0.06
2005-11-09,0.06
2005-11-10,0.06
2005-11-11,0.06
2005-11-14,0.06
2005-11-15,0.06
2005-11-16,0.06
2005-11-17,0.06
2005-11-18,0.06
2005-11-21,0.06
2005-11-22,0.06
2005-11-24,0.06
2005-11-25,0.06
2005-11-28,0.06
2005-11-29,0.06833
2005-11-30,0.06833
2005-12-01,0.06833
2005-12-02,0.06833
2005-12-05,0.06833
2005-12-06,0.06833
2005-12-07,0.0675
2005-12-08,0.0675
2005-12-09,0.0675
2005-12-12,0.0675
2005-12-13,0.0675
2005-12-14,0.0675
2005-12-15,0.0675
2005-12-16,0.0675
2005-12-19,0.0675
2005-12-20,0.0675
2005-12-21,0.0675
2005-12-22,0.0675
2005-12-26,0.0675
2005-12-27,0.0675
2005-12-28,0.0675
2005-12-29,0.06333
2005-12-30,0.0625
2006-01-04,0.06273
2006-01-05,0.06273
2006-01-06,0.06273
2006-01-10,0.06273
2006-01-11,0.06273
2006-01-12,0.06273
2006-01-13,0.06273
2006-01-16,0.06273
2006-01-17,0.06273
2006-01-18,0.06273
2006-01-19,0.06273
2006-01-20,0.06273
2006-01-23,0.06273
2006-01-24,0.06273
2006-01-25,0.06273
2006-01-26,0.06273
2006-01-27,0.06273
2006-01-30,0.06273
2006-01-31,0.06273
2006-02-01,0.06273
2006-02-02,0.06273
2006-02-03,0.06273
2006-02-06,0.06273
2006-02-07,0.06273
2006-02-08,0.06273
2006-02-09,0.06273
2006-02-10,0.06273
2006-02-13,0.06273
2006-02-14,0.06273
2006-02-15,0.06273
2006-02-16,0.06273
2006-02-17,0.06273
2006-02-20,0.06273
2006-02-21,0.06273
2006-02-22,0.06273
2006-02-23,0.06273
2006-02-24,0.06273
2006-02-27,0.09273
2006-02-28,0.09182
2006-03-01,0.09273
2006-03-02,0.09273
2006-03-03,0.09273
2006-03-06,0.09273
2006-03-07,0.09273
2006-03-08,0.09273
2006-03-09,0.09273
2006-03-10,0.09273
2006-03-13,0.09273
2006-03-14,0.09273
2006-03-15,0.09364
2006-03-16,0.09455
2006-03-17,0.09364
2006-03-20,0.09364
2006-03-22,0.09273
2006-03-23,0.09273
2006-03-24,0.09273
2006-03-27,0.09182
2006-03-28,0.09273
2006-03-29,0.09273
2006-03-30,0.08273
2006-03-31,0.08273
2006-04-03,0.08455
2006-04-04,0.08455
2006-04-05,0.08364
2006-04-06,0.08364
2006-04-07,0.08364
2006-04-10,0.08273
2006-04-11,0.08273
2006-04-12,0.08273
2006-04-13,0.08273
2006-04-14,0.08182
2006-04-17,0.08182
2006-04-18,0.08182
2006-04-19,0.08182
2006-04-20,0.08182
2006-04-21,0.08273
2006-04-24,0.08273
2006-04-25,0.08273
2006-04-26,0.08273
2006-04-27,0.08455
2006-04-28,0.08364
2006-05-01,0.08364
2006-05-02,0.08364
2006-05-08,0.08364
2006-05-09,0.08364
2006-05-10,0.08364
2006-05-11,0.08455
2006-05-12,0.08545
2006-05-15,0.08818
2006-05-16,0.08909
2006-05-17,0.09
2006-05-18,0.09
2006-05-19,0.09
2006-05-22,0.09
2006-05-23,0.09
2006-05-24,0.09091
2006-05-25,0.10091
2006-05-26,0.12091
2006-05-29,0.13364
2006-05-30,0.14182
2006-05-31,0.14636
2006-06-01,0.15
2006-06-02,0.15091
2006-06-05,0.15182
2006-06-06,0.14818
2006-06-07,0.14909
2006-06-08,0.14909
2006-06-09,0.14727
2006-06-12,0.14727
2006-06-13,0.15
2006-06-14,0.15091
2006-06-15,0.15364
2006-06-16,0.15455
2006-06-19,0.15455
2006-06-20,0.15636
2006-06-21,0.15818
2006-06-22,0.16273
2006-06-23,0.16727
2006-06-26,0.16818
2006-06-27,0.17182
2006-06-28,0.17455
2006-06-29,0.18
2006-06-30,0.18273
2006-07-03,0.18636
2006-07-04,0.19364
2006-07-05,0.20091
2006-07-06,0.21
2006-07-07,0.22182
2006-07-10,0.23182
2006-07-11,0.24727
2006-07-12,0.26727
2006-07-13,0.30091
2006-07-14,0.32182
2006-07-18,0.33636
2006-07-19,0.34545
2006-07-20,0.35091
2006-07-21,0.35091
2006-07-24,0.35364
2006-07-25,0.35455
2006-07-26,0.35545
2006-07-27,0.35636
2006-07-28,0.35545
2006-07-31,0.35636
2006-08-01,0.35636
2006-08-02,0.35636
2006-08-03,0.35636
2006-08-04,0.35636
2006-08-07,0.35636
2006-08-08,0.35636
2006-08-09,0.35545
2006-08-10,0.35545
2006-08-11,0.35636
2006-08-14,0.35636
2006-08-15,0.35636
2006-08-16,0.35636
2006-08-17,0.35636
2006-08-18,0.35636
2006-08-21,0.35636
2006-08-22,0.35636
2006-08-23,0.35636
2006-08-24,0.35636
2006-08-25,0.35636
2006-08-28,0.35455
2006-08-29,0.35364
2006-08-30,0.38636
2006-08-31,0.38545
2006-09-01,0.38545
2006-09-04,0.38545
2006-09-05,0.38545
2006-09-06,0.38545
2006-09-07,0.38545
2006-09-08,0.38545
2006-09-11,0.38545
2006-09-12,0.38545
2006-09-13,0.38545
2006-09-14,0.38545
2006-09-15,0.38545
2006-09-19,0.38636
2006-09-20,0.38636
2006-09-21,0.38818
2006-09-22,0.38909
2006-09-25,0.39
2006-09-26,0.39
2006-09-27,0.39
2006-09-28,0.36545
2006-09-29,0.36636
2006-10-02,0.36545
2006-10-03,0.36545
2006-10-04,0.36545
2006-10-05,0.36455
2006-10-06,0.36364
2006-10-10,0.36364
2006-10-11,0.36364
2006-10-12,0.36273
2006-10-13,0.36273
2006-10-16,0.36273
2006-10-17,0.36273
2006-10-18,0.36273
2006-10-19,0.36364
2006-10-20,0.36364
2006-10-23,0.36364
2006-10-24,0.36455
2006-10-25,0.36455
2006-10-26,0.36545
2006-10-27,0.36545
2006-10-30,0.36636
2006-10-31,0.36455
2006-11-01,0.36091
2006-11-02,0.36091
2006-11-06,0.36091
2006-11-07,0.36091
2006-11-08,0.36091
2006-11-09,0.36091
2006-11-10,0.36091
2006-11-13,0.36091
2006-11-14,0.36182
2006-11-15,0.36273
2006-11-16,0.36182
2006-11-17,0.36273
2006-11-20,0.36273
2006-11-21,0.36273
2006-11-22,0.36364
2006-11-24,0.36364
2006-11-27,0.36364
2006-11-28,0.36364
2006-11-29,0.38364
2006-11-30,0.38364
2006-12-01,0.38545
2006-12-04,0.38727
2006-12-05,0.38818
2006-12-06,0.38818
2006-12-07,0.4
2006-12-08,0.41545
2006-12-11,0.42364
2006-12-12,0.42818
2006-12-13,0.42636
2006-12-14,0.42545
2006-12-15,0.42364
2006-12-18,0.42455
2006-12-19,0.42455
2006-12-20,0.42091
2006-12-21,0.41818
2006-12-22,0.41636
2006-12-25,0.41636
2006-12-26,0.41545
2006-12-27,0.41545
2006-12-28,0.41545
2006-12-29,0.41727
2007-01-04,0.42
2007-01-05,0.42364
2007-01-09,0.42636
2007-01-10,0.43091
2007-01-11,0.43545
2007-01-12,0.44273
2007-01-15,0.45091
2007-01-16,0.46818
2007-01-17,0.45909
2007-01-18,0.44909
2007-01-19,0.42636
2007-01-22,0.41727
2007-01-23,0.41364
2007-01-24,0.41273
2007-01-25,0.41273
2007-01-26,0.41091
2007-01-29,0.41
2007-01-30,0.40909
2007-01-31,0.41
2007-02-01,0.40909
2007-02-02,0.40818
2007-02-05,0.40909
2007-02-06,0.40909
2007-02-07,0.40909
2007-02-08,0.40909
2007-02-09,0.40909
2007-02-13,0.40909
2007-02-14,0.40909
2007-02-15,0.41727
2007-02-16,0.43273
2007-02-19,0.44364
2007-02-20,0.44818
2007-02-21,0.45455
2007-02-22,0.6
2007-02-23,0.60455
2007-02-26,0.60636
2007-02-27,0.62727
2007-02-28,0.63455
2007-03-01,0.64
2007-03-02,0.64364
2007-03-05,0.64273
2007-03-06,0.64364
2007-03-07,0.64273
2007-03-08,0.64364
2007-03-09,0.64364
2007-03-12,0.64545
2007-03-13,0.64636
2007-03-14,0.64636
2007-03-15,0.64727
2007-03-16,0.65
2007-03-19,0.65364
2007-03-20,0.65545
2007-03-22,0.65909
2007-03-23,0.66273
2007-03-26,0.66455
2007-03-27,0.66273
2007-03-28,0.65727
2007-03-29,0.63455
2007-03-30,0.63091
2007-04-02,0.62917
2007-04-03,0.6275
2007-04-04,0.62583
2007-04-05,0.625
2007-04-06,0.62417
2007-04-09,0.62333
2007-04-10,0.61833
2007-04-11,0.61583
2007-04-12,0.61583
2007-04-13,0.615
2007-04-16,0.615
2007-04-17,0.61417
2007-04-18,0.61333
2007-04-19,0.61417
2007-04-20,0.61417
2007-04-23,0.61417
2007-04-24,0.61417
2007-04-25,0.61417
2007-04-26,0.615
2007-04-27,0.61583
2007-05-01,0.61583
2007-05-02,0.61583
2007-05-07,0.61667
2007-05-08,0.61667
2007-05-09,0.61667
2007-05-10,0.61667
2007-05-11,0.61583
2007-05-14,0.61583
2007-05-15,0.61583
2007-05-16,0.61583
2007-05-17,0.61583
2007-05-18,0.6175
2007-05-21,0.6175
2007-05-22,0.6175
2007-05-23,0.6175
2007-05-24,0.6175
2007-05-25,0.6175
2007-05-28,0.6175
2007-05-29,0.61833
2007-05-30,0.62083
2007-05-31,0.62083
2007-06-01,0.62083
2007-06-04,0.62083
2007-06-05,0.62083
2007-06-06,0.62083
2007-06-07,0.62083
2007-06-08,0.62083
2007-06-11,0.62083
2007-06-12,0.62083
2007-06-13,0.62167
2007-06-14,0.62167
2007-06-15,0.62167
2007-06-18,0.6225
2007-06-19,0.6225
2007-06-20,0.6225
2007-06-21,0.6225
2007-06-22,0.6225
2007-06-25,0.62333
2007-06-26,0.62333
2007-06-27,0.62333
2007-06-28,0.62417
2007-06-29,0.62333
2007-07-02,0.62333
2007-07-03,0.62333
2007-07-04,0.62333
2007-07-05,0.62167
2007-07-06,0.62167
2007-07-09,0.62167
2007-07-10,0.62167
2007-07-11,0.62167
2007-07-12,0.62167
2007-07-13,0.62167
2007-07-17,0.62333
2007-07-18,0.62333
2007-07-19,0.62333
2007-07-20,0.62417
2007-07-23,0.625
2007-07-24,0.62667
2007-07-25,0.6275
2007-07-26,0.62917
2007-07-27,0.6275
2007-07-30,0.63
2007-07-31,0.63083
2007-08-01,0.63083
2007-08-02,0.63167
2007-08-03,0.63333
2007-08-06,0.63417
2007-08-07,0.63417
2007-08-08,0.63667
2007-08-09,0.64667
2007-08-10,0.66
2007-08-13,0.67417
2007-08-14,0.685
2007-08-15,0.68667
2007-08-16,0.6875
2007-08-17,0.69083
2007-08-20,0.6925
2007-08-21,0.69833
2007-08-22,0.70333
2007-08-23,0.70417
2007-08-24,0.70417
2007-08-27,0.705
2007-08-28,0.70417
2007-08-29,0.70333
2007-08-30,0.72333
2007-08-31,0.72917
2007-09-03,0.73083
2007-09-04,0.7325
2007-09-05,0.7325
2007-09-06,0.73333
2007-09-07,0.735
2007-09-10,0.73583
2007-09-11,0.735
2007-09-12,0.735
2007-09-13,0.73417
2007-09-14,0.73417
2007-09-18,0.735
2007-09-19,0.73583
2007-09-20,0.73833
2007-09-21,0.73917
2007-09-25,0.74083
2007-09-26,0.73917
2007-09-27,0.7075
2007-09-28,0.70417
2007-10-01,0.70583
2007-10-02,0.70583
2007-10-03,0.70167
2007-10-04,0.69833
2007-10-05,0.69583
2007-10-09,0.69417
2007-10-10,0.6925
2007-10-11,0.69167
2007-10-12,0.69083
2007-10-15,0.69167
2007-10-16,0.69167
2007-10-17,0.69333
2007-10-18,0.69083
2007-10-19,0.68917
2007-10-22,0.68167
2007-10-23,0.67667
2007-10-24,0.6725
2007-10-25,0.66833
2007-10-26,0.66333
2007-10-29,0.65917
2007-10-30,0.65667
2007-10-31,0.65667
2007-11-01,0.65583
2007-11-02,0.655
2007-11-05,0.655
2007-11-06,0.655
2007-11-07,0.65417
2007-11-08,0.6525
2007-11-09,0.65083
2007-11-12,0.6475
2007-11-13,0.64583
2007-11-14,0.645
2007-11-15,0.64417
2007-11-16,0.64333
2007-11-19,0.6425
2007-11-20,0.64167
2007-11-21,0.64
2007-11-22,0.63917
2007-11-26,0.6375
2007-11-27,0.635
2007-11-28,0.635
2007-11-29,0.7975
2007-11-30,0.81583
2007-12-03,0.81917
2007-12-04,0.82
2007-12-05,0.82
2007-12-06,0.82
2007-12-07,0.82167
2007-12-10,0.82167
2007-12-11,0.82167
2007-12-12,0.82167
2007-12-13,0.82
2007-12-14,0.82
2007-12-17,0.82
2007-12-18,0.81917
2007-12-19,0.8175
2007-12-20,0.815
2007-12-21,0.80417
2007-12-25,0.8
2007-12-26,0.79667
2007-12-27,0.70333
2007-12-28,0.695
2008-01-04,0.68333
2008-01-07,0.67667
2008-01-08,0.6725
2008-01-09,0.67083
2008-01-10,0.6675
2008-01-11,0.66583
2008-01-15,0.6625
2008-01-16,0.66167
2008-01-17,0.65583
2008-01-18,0.65333
2008-01-21,0.64833
2008-01-22,0.64667
2008-01-23,0.64
2008-01-24,0.63417
2008-01-25,0.63167
2008-01-28,0.63167
2008-01-29,0.63
2008-01-30,0.62667
2008-01-31,0.62583
2008-02-01,0.62583
2008-02-04,0.62583
2008-02-05,0.62583
2008-02-06,0.62583
2008-02-07,0.625
2008-02-08,0.625
2008-02-12,0.625
2008-02-13,0.625
2008-02-14,0.62417
2008-02-15,0.62333
2008-02-18,0.62333
2008-02-19,0.62333
2008-02-20,0.62333
2008-02-21,0.62333
2008-02-22,0.62333
2008-02-25,0.62333
2008-02-26,0.62333
2008-02-27,0.62417
2008-02-28,0.80083
2008-02-29,0.80333
2008-03-03,0.805
2008-03-04,0.80583
2008-03-05,0.80583
2008-03-06,0.80667
2008-03-07,0.80667
2008-03-10,0.80583
2008-03-11,0.80583
2008-03-12,0.805
2008-03-13,0.805
2008-03-14,0.805
2008-03-17,0.805
2008-03-18,0.805
2008-03-19,0.8075
2008-03-21,0.80917
2008-03-24,0.81
2008-03-25,0.81
2008-03-26,0.80917
2008-03-27,0.80417
2008-03-28,0.69083
2008-03-31,0.69
2008-04-01,0.6875
2008-04-02,0.68583
2008-04-03,0.68583
2008-04-04,0.685
2008-04-07,0.685
2008-04-08,0.68417
2008-04-09,0.68333
2008-04-10,0.68167
2008-04-11,0.68083
2008-04-14,0.68
2008-04-15,0.67917
2008-04-16,0.67667
2008-04-17,0.67667
2008-04-18,0.67333
2008-04-21,0.6725
2008-04-22,0.67167
2008-04-23,0.67167
2008-04-24,0.67
2008-04-25,0.66917
2008-04-28,0.66833
2008-04-30,0.66917
2008-05-01,0.67
2008-05-02,0.66917
2008-05-07,0.66917
2008-05-08,0.66917
2008-05-09,0.66833
2008-05-12,0.66667
2008-05-13,0.66583
2008-05-14,0.665
2008-05-15,0.665
2008-05-16,0.665
2008-05-19,0.665
2008-05-20,0.66333
2008-05-21,0.6625
2008-05-22,0.66167
2008-05-23,0.66083
2008-05-26,0.66083
2008-05-27,0.66167
2008-05-28,0.66167
2008-05-29,0.71
2008-05-30,0.7125
2008-06-02,0.71167
2008-06-03,0.71083
2008-06-04,0.71083
2008-06-05,0.71167
2008-06-06,0.71167
2008-06-09,0.71083
2008-06-10,0.71083
2008-06-11,0.71
2008-06-12,0.71
2008-06-13,0.70917
2008-06-16,0.71
2008-06-17,0.71
2008-06-18,0.71
2008-06-19,0.71083
2008-06-20,0.71083
2008-06-23,0.71083
2008-06-24,0.71083
2008-06-25,0.70917
2008-06-26,0.70917
2008-06-27,0.675
2008-06-30,0.6675
2008-07-01,0.66583
2008-07-02,0.66583
2008-07-03,0.665
2008-07-04,0.66417
2008-07-07,0.66417
2008-07-08,0.66417
2008-07-09,0.66333
2008-07-10,0.66167
2008-07-11,0.66167
2008-07-14,0.66167
2008-07-15,0.65917
2008-07-16,0.65833
2008-07-17,0.65667
2008-07-18,0.65583
2008-07-22,0.655
2008-07-23,0.65417
2008-07-24,0.65333
2008-07-25,0.65333
2008-07-28,0.6525
2008-07-29,0.6525
2008-07-30,0.65167
2008-07-31,0.65167
2008-08-01,0.65083
2008-08-04,0.65
2008-08-05,0.64833
2008-08-06,0.6475
2008-08-07,0.6475
2008-08-08,0.64583
2008-08-11,0.645
2008-08-12,0.645
2008-08-13,0.645
2008-08-14,0.645
2008-08-15,0.645
2008-08-18,0.645
2008-08-19,0.64417
2008-08-20,0.64417
2008-08-21,0.64417
2008-08-22,0.64417
2008-08-25,0.64417
2008-08-26,0.6425
2008-08-27,0.64167
2008-08-28,0.75583
2008-08-29,0.76
2008-09-01,0.76167
2008-09-02,0.75917
2008-09-03,0.75917
2008-09-04,0.75917
2008-09-05,0.75917
2008-09-08,0.75917
2008-09-09,0.75833
2008-09-10,0.75833
2008-09-11,0.75833
2008-09-12,0.75833
2008-09-16,0.75917
2008-09-17,0.76917
2008-09-18,0.775
2008-09-19,0.7825
2008-09-22,0.7825
2008-09-24,0.78667
2008-09-25,0.78917
2008-09-26,0.78917
2008-09-29,0.72167
2008-09-30,0.715
2008-10-01,0.715
2008-10-02,0.715
2008-10-03,0.71167
2008-10-06,0.71333
2008-10-07,0.715
2008-10-08,0.71833
2008-10-09,0.7225
2008-10-10,0.73083
2008-10-14,0.73417
2008-10-15,0.73333
2008-10-16,0.73333
2008-10-17,0.73583
2008-10-20,0.7375
2008-10-21,0.7375
2008-10-22,0.7375
2008-10-23,0.73917
2008-10-24,0.7425
2008-10-27,0.745
2008-10-28,0.7475
2008-10-29,0.74583
2008-10-30,0.745
2008-10-31,0.745
2008-11-04,0.61583
2008-11-05,0.61917
2008-11-06,0.615
2008-11-07,0.6125
2008-11-10,0.61417
2008-11-11,0.615
2008-11-12,0.61667
2008-11-13,0.62
2008-11-14,0.62417
2008-11-17,0.6275
2008-11-18,0.63417
2008-11-19,0.63833
2008-11-20,0.6425
2008-11-21,0.65083
2008-11-25,0.65417
2008-11-26,0.6625
2008-11-27,0.83083
2008-11-28,0.85167
2008-12-01,0.86333
2008-12-02,0.87333
2008-12-03,0.87583
2008-12-04,0.8775
2008-12-05,0.88
2008-12-08,0.88417
2008-12-09,0.88583
2008-12-10,0.88917
2008-12-11,0.8925
2008-12-12,0.89583
2008-12-15,0.89917
2008-12-16,0.9
2008-12-17,0.9
2008-12-18,0.89333
2008-12-19,0.88167
2008-12-22,0.745
2008-12-24,0.72417
2008-12-25,0.7125
2008-12-26,0.70333
2008-12-29,0.6075
2008-12-30,0.55583
2009-01-05,0.5275
2009-01-06,0.50333
2009-01-07,0.4925
2009-01-08,0.48333
2009-01-09,0.47583
2009-01-13,0.46667
2009-01-14,0.4625
2009-01-15,0.45833
2009-01-16,0.45333
2009-01-19,0.45083
2009-01-20,0.44917
2009-01-21,0.445
2009-01-22,0.44333
2009-01-23,0.44167
2009-01-26,0.44
2009-01-27,0.44
2009-01-28,0.43583
2009-01-29,0.42833
2009-01-30,0.42833
2009-02-02,0.42417
2009-02-03,0.42167
2009-02-04,0.42
2009-02-05,0.4175
2009-02-06,0.41333
2009-02-09,0.41
2009-02-10,0.4075
2009-02-12,0.405
2009-02-13,0.40417
2009-02-16,0.4025
2009-02-17,0.40167
2009-02-18,0.40083
2009-02-19,0.39917
2009-02-20,0.395
2009-02-23,0.395
2009-02-24,0.395
2009-02-25,0.39583
2009-02-26,0.63667
2009-02-27,0.63833
2009-03-02,0.64
2009-03-03,0.63667
2009-03-04,0.63333
2009-03-05,0.63
2009-03-06,0.62417
2009-03-09,0.6225
2009-03-10,0.62083
2009-03-11,0.61583
2009-03-12,0.6125
2009-03-13,0.60833
2009-03-16,0.60167
2009-03-17,0.59583
2009-03-18,0.59
2009-03-19,0.585
2009-03-23,0.5775
2009-03-24,0.57167
2009-03-25,0.5675
2009-03-26,0.5625
2009-03-27,0.55583
2009-03-30,0.44333
2009-03-31,0.4175
2009-04-01,0.40636
2009-04-02,0.40273
2009-04-03,0.4
2009-04-06,0.39727
2009-04-07,0.39364
2009-04-08,0.39182
2009-04-09,0.39
2009-04-10,0.38818
2009-04-13,0.38727
2009-04-14,0.38636
2009-04-15,0.38636
2009-04-16,0.38455
2009-04-17,0.38273
2009-04-20,0.38
2009-04-21,0.37636
2009-04-22,0.37364
2009-04-23,0.37182
2009-04-24,0.37182
2009-04-27,0.37182
2009-04-28,0.37
2009-04-30,0.36909
2009-05-01,0.36818
2009-05-07,0.36636
2009-05-08,0.36455
2009-05-11,0.36
2009-05-12,0.35909
2009-05-13,0.35818
2009-05-14,0.35727
2009-05-15,0.35818
2009-05-18,0.35545
2009-05-19,0.35182
2009-05-20,0.35091
2009-05-21,0.34909
2009-05-22,0.34727
2009-05-25,0.34545
2009-05-26,0.34455
2009-05-27,0.34273
2009-05-28,0.35727
2009-05-29,0.35364
2009-06-01,0.34818
2009-06-02,0.34545
2009-06-03,0.34455
2009-06-04,0.34455
2009-06-05,0.34364
2009-06-08,0.34364
2009-06-09,0.34364
2009-06-10,0.34364
2009-06-11,0.34364
2009-06-12,0.34364
2009-06-15,0.34364
2009-06-16,0.34273
2009-06-17,0.34273
2009-06-18,0.34182
2009-06-19,0.34
2009-06-22,0.33909
2009-06-23,0.33818
2009-06-24,0.33545
2009-06-25,0.33455
2009-06-26,0.33455
2009-06-29,0.33273
2009-06-30,0.33273
2009-07-01,0.33182
2009-07-02,0.33091
2009-07-03,0.33091
2009-07-06,0.33091
2009-07-07,0.33
2009-07-08,0.33
2009-07-09,0.33
2009-07-10,0.33
2009-07-13,0.32909
2009-07-14,0.32909
2009-07-15,0.32909
2009-07-16,0.32909
2009-07-17,0.32909
2009-07-21,0.32909
2009-07-22,0.32909
2009-07-23,0.32818
2009-07-24,0.32818
2009-07-27,0.32818
2009-07-28,0.32818
2009-07-29,0.32818
2009-07-30,0.32636
2009-07-31,0.32455
2009-08-03,0.32364
2009-08-04,0.32273
2009-08-05,0.32182
2009-08-06,0.32182
2009-08-07,0.32182
2009-08-10,0.32182
2009-08-11,0.32182
2009-08-12,0.32182
2009-08-13,0.32182
2009-08-14,0.32182
2009-08-17,0.32182
2009-08-18,0.32182
2009-08-19,0.32182
2009-08-20,0.32182
2009-08-21,0.32091
2009-08-24,0.32091
2009-08-25,0.32091
2009-08-26,0.32091
2009-08-27,0.32091
2009-08-28,0.34
2009-08-31,0.33909
2009-09-01,0.33636
2009-09-02,0.33545
2009-09-03,0.33545
2009-09-04,0.33545
2009-09-07,0.33545
2009-09-08,0.33545
2009-09-09,0.33545
2009-09-10,0.33364
2009-09-11,0.33364
2009-09-14,0.33273
2009-09-15,0.33273
2009-09-16,0.33273
2009-09-17,0.33273
2009-09-18,0.33273
2009-09-24,0.33273
2009-09-25,0.33273
2009-09-28,0.33273
2009-09-29,0.32364
2009-09-30,0.31909
2009-10-01,0.31727
2009-10-02,0.31727
2009-10-05,0.31727
2009-10-06,0.31636
2009-10-07,0.31636
2009-10-08,0.31545
2009-10-09,0.31455
2009-10-13,0.31455
2009-10-14,0.31455
2009-10-15,0.31455
2009-10-16,0.31455
2009-10-19,0.31455
2009-10-20,0.31455
2009-10-21,0.31455
2009-10-22,0.31455
2009-10-23,0.31455
2009-10-26,0.31455
2009-10-27,0.31455
2009-10-28,0.31455
2009-10-29,0.31364
2009-10-30,0.31273
2009-11-02,0.31
2009-11-04,0.30727
2009-11-05,0.30727
2009-11-06,0.30727
2009-11-09,0.30727
2009-11-10,0.30727
2009-11-11,0.30727
2009-11-12,0.30727
2009-11-13,0.30636
2009-11-16,0.30545
2009-11-17,0.30545
2009-11-18,0.30545
2009-11-19,0.30545
2009-11-20,0.30545
2009-11-24,0.30545
2009-11-25,0.30545
2009-11-26,0.30545
2009-11-27,0.31091
2009-11-30,0.30818
2009-12-01,0.30545
2009-12-02,0.29182
2009-12-03,0.28727
2009-12-04,0.28364
2009-12-07,0.28091
2009-12-08,0.27909
2009-12-09,0.27818
2009-12-10,0.27545
2009-12-11,0.27455
2009-12-14,0.27364
2009-12-15,0.27364
2009-12-16,0.27364
2009-12-17,0.27364
2009-12-18,0.27364
2009-12-21,0.27364
2009-12-22,0.27364
2009-12-24,0.27364
2009-12-25,0.27364
2009-12-28,0.27364
2009-12-29,0.27091
2009-12-30,0.26909
2010-01-04,0.26545
2010-01-05,0.26364
2010-01-06,0.26364
2010-01-07,0.26273
2010-01-08,0.26273
2010-01-12,0.26273
2010-01-13,0.26273
2010-01-14,0.26273
2010-01-15,0.26273
2010-01-18,0.26273
2010-01-19,0.26182
2010-01-20,0.26182
2010-01-21,0.26182
2010-01-22,0.26182
2010-01-25,0.26182
2010-01-26,0.26182
2010-01-27,0.26091
2010-01-28,0.26091
2010-01-29,0.26
2010-02-01,0.26
2010-02-02,0.25909
2010-02-03,0.25727
2010-02-04,0.25636
2010-02-05,0.25636
2010-02-08,0.25636
2010-02-09,0.25545
2010-02-10,0.25545
2010-02-12,0.25545
2010-02-15,0.25545
2010-02-16,0.25545
2010-02-17,0.25545
2010-02-18,0.25545
2010-02-19,0.25545
2010-02-22,0.25545
2010-02-23,0.25545
2010-02-24,0.25545
2010-02-25,0.25727
2010-02-26,0.25636
2010-03-01,0.25636
2010-03-02,0.25636
2010-03-03,0.25636
2010-03-04,0.25636
2010-03-05,0.25636
2010-03-08,0.25636
2010-03-09,0.25636
2010-03-10,0.25636
2010-03-11,0.25545
2010-03-12,0.25545
2010-03-15,0.25545
2010-03-16,0.25545
2010-03-17,0.25545
2010-03-18,0.25545
2010-03-19,0.25545
2010-03-23,0.25545
2010-03-24,0.25545
2010-03-25,0.25545
2010-03-26,0.25455
2010-03-29,0.25455
2010-03-30,0.25273
2010-03-31,0.25
2010-04-01,0.24769
2010-04-02,0.24538
2010-04-05,0.24308
2010-04-06,0.23923
2010-04-07,0.23692
2010-04-08,0.23692
2010-04-09,0.23615
2010-04-12,0.23615
2010-04-13,0.23615
2010-04-14,0.23615
2010-04-15,0.23538
2010-04-16,0.23462
2010-04-19,0.23462
2010-04-20,0.23385
2010-04-21,0.23385
2010-04-22,0.23385
2010-04-23,0.23385
2010-04-26,0.23385
2010-04-27,0.23385
2010-04-28,0.23308
2010-04-30,0.23231
2010-05-06,0.23
2010-05-07,0.22846
2010-05-10,0.22692
2010-05-11,0.22538
2010-05-12,0.22538
2010-05-13,0.22462
2010-05-14,0.22462
2010-05-17,0.22462
2010-05-18,0.22462
2010-05-19,0.22462
2010-05-20,0.22462
2010-05-21,0.22462
2010-05-24,0.22462
2010-05-25,0.22462
2010-05-26,0.22462
2010-05-27,0.22462
2010-05-28,0.22462
2010-05-31,0.22462
2010-06-01,0.22462
2010-06-02,0.22462
2010-06-03,0.22462
2010-06-04,0.22462
2010-06-07,0.22462
2010-06-08,0.22462
2010-06-09,0.22462
2010-06-10,0.22462
2010-06-11,0.22462
2010-06-14,0.22462
2010-06-15,0.22462
2010-06-16,0.22462
2010-06-17,0.22462
2010-06-18,0.22462
2010-06-21,0.22462
2010-06-22,0.22462
2010-06-23,0.22462
2010-06-24,0.22462
2010-06-25,0.22462
2010-06-28,0.22462
2010-06-29,0.22308
2010-06-30,0.22
2010-07-01,0.21923
2010-07-02,0.21692
2010-07-05,0.21538
2010-07-06,0.21385
2010-07-07,0.21308
2010-07-08,0.21231
2010-07-09,0.21231
2010-07-12,0.21231
2010-07-13,0.21231
2010-07-14,0.21231
2010-07-15,0.21231
2010-07-16,0.21231
2010-07-20,0.21231
2010-07-21,0.21231
2010-07-22,0.21231
2010-07-23,0.21231
2010-07-26,0.21231
2010-07-27,0.21231
2010-07-28,0.21231
2010-07-29,0.21154
2010-07-30,0.21
2010-08-02,0.21
2010-08-03,0.21
2010-08-04,0.21
2010-08-05,0.21
2010-08-06,0.21
2010-08-09,0.21
2010-08-10,0.21
2010-08-11,0.21
2010-08-12,0.21
2010-08-13,0.21
2010-08-16,0.21
2010-08-17,0.20923
2010-08-18,0.20692
2010-08-19,0.20538
2010-08-20,0.20385
2010-08-23,0.20231
2010-08-24,0.20154
2010-08-25,0.20154
2010-08-26,0.20154
2010-08-27,0.20154
2010-08-30,0.20154
2010-08-31,0.20077
2010-09-01,0.19769
2010-09-02,0.19615
2010-09-03,0.19615
2010-09-06,0.19615
2010-09-07,0.19538
2010-09-08,0.19308
2010-09-09,0.19077
2010-09-10,0.19077
2010-09-13,0.19077
2010-09-14,0.19
2010-09-15,0.19
2010-09-16,0.19
2010-09-17,0.19
2010-09-21,0.19
2010-09-22,0.19
2010-09-24,0.19
2010-09-27,0.19
2010-09-28,0.19
2010-09-29,0.19
2010-09-30,0.19
2010-10-01,0.19
2010-10-04,0.19
2010-10-05,0.19
2010-10-06,0.18538
2010-10-07,0.18154
2010-10-08,0.18
2010-10-12,0.18
2010-10-13,0.18
2010-10-14,0.18
2010-10-15,0.18
2010-10-18,0.18
2010-10-19,0.18
2010-10-20,0.18
2010-10-21,0.18
2010-10-22,0.18
2010-10-25,0.18
2010-10-26,0.18
2010-10-27,0.18
2010-10-28,0.18
2010-10-29,0.18
2010-11-01,0.18
2010-11-02,0.18
2010-11-04,0.18
2010-11-05,0.18
2010-11-08,0.18
2010-11-09,0.18
2010-11-10,0.18
2010-11-11,0.18
2010-11-12,0.18
2010-11-15,0.18
2010-11-16,0.18
2010-11-17,0.18
2010-11-18,0.18
2010-11-19,0.18
2010-11-22,0.18
2010-11-24,0.18
2010-11-25,0.18
2010-11-26,0.18
2010-11-29,0.18
2010-11-30,0.18
2010-12-01,0.18
2010-12-02,0.18
2010-12-03,0.18
2010-12-06,0.18
2010-12-07,0.18
2010-12-08,0.18
2010-12-09,0.18
2010-12-10,0.18
2010-12-13,0.18
2010-12-14,0.18
2010-12-15,0.18
2010-12-16,0.18
2010-12-17,0.18
2010-12-20,0.18
2010-12-21,0.18
2010-12-22,0.18
2010-12-24,0.18
2010-12-27,0.18
2010-12-28,0.18
2010-12-29,0.18
2010-12-30,0.18
2011-01-04,0.18
2011-01-05,0.18
2011-01-06,0.18
2011-01-07,0.18
2011-01-11,0.18
2011-01-12,0.18
2011-01-13,0.18
2011-01-14,0.18
2011-01-17,0.18
2011-01-18,0.18
2011-01-19,0.18
2011-01-20,0.18
2011-01-21,0.18
2011-01-24,0.18
2011-01-25,0.18
2011-01-26,0.18
2011-01-27,0.18
2011-01-28,0.18
2011-01-31,0.18
2011-02-01,0.18
2011-02-02,0.18
2011-02-03,0.18
2011-02-04,0.18
2011-02-07,0.18
2011-02-08,0.18
2011-02-09,0.18
2011-02-10,0.18
2011-02-14,0.18
2011-02-15,0.18
2011-02-16,0.18
2011-02-17,0.18
2011-02-18,0.18
2011-02-21,0.18
2011-02-22,0.18
2011-02-23,0.18
2011-02-24,0.18
2011-02-25,0.18
2011-02-28,0.18
2011-03-01,0.18
2011-03-02,0.18
2011-03-03,0.18
2011-03-04,0.18
2011-03-07,0.18
2011-03-08,0.18
2011-03-09,0.18
2011-03-10,0.18
2011-03-11,0.18
2011-03-14,0.18
2011-03-15,0.18
2011-03-16,0.18
2011-03-17,0.18
2011-03-18,0.18
2011-03-22,0.18
2011-03-23,0.18
2011-03-24,0.18
2011-03-25,0.18
2011-03-28,0.18
2011-03-29,0.18
2011-03-30,0.18
2011-03-31,0.18
2011-04-01,0.18
2011-04-04,0.18
2011-04-05,0.18
2011-04-06,0.18
2011-04-07,0.18
2011-04-08,0.18
2011-04-11,0.18
2011-04-12,0.18
2011-04-13,0.18
2011-04-14,0.18
2011-04-15,0.18
2011-04-18,0.18
2011-04-19,0.18
2011-04-20,0.18
2011-04-21,0.18
2011-04-22,0.18
2011-04-25,0.18
2011-04-26,0.18
2011-04-27,0.18
2011-04-28,0.18
2011-05-02,0.18
2011-05-06,0.18
2011-05-09,0.18
2011-05-10,0.18
2011-05-11,0.18
2011-05-12,0.18
2011-05-13,0.18
2011-05-16,0.18
2011-05-17,0.18
2011-05-18,0.18
2011-05-19,0.18
2011-05-20,0.18
2011-05-23,0.18
2011-05-24,0.18
2011-05-25,0.18
2011-05-26,0.18
2011-05-27,0.18
2011-05-30,0.18
2011-05-31,0.18
2011-06-01,0.18
2011-06-02,0.18
2011-06-03,0.18
2011-06-06,0.18
2011-06-07,0.18
2011-06-08,0.18
2011-06-09,0.18
2011-06-10,0.18
2011-06-13,0.18
2011-06-14,0.18
2011-06-15,0.18
2011-06-16,0.18
2011-06-17,0.18
2011-06-20,0.18
2011-06-21,0.18
2011-06-22,0.18
2011-06-23,0.18
2011-06-24,0.18
2011-06-27,0.18
2011-06-28,0.18
2011-06-29,0.18
2011-06-30,0.18
2011-07-01,0.18
2011-07-04,0.18
2011-07-05,0.18
2011-07-06,0.18
2011-07-07,0.18
2011-07-08,0.18
2011-07-11,0.18
2011-07-12,0.18
2011-07-13,0.18
2011-07-14,0.18
2011-07-15,0.18
2011-07-19,0.18
2011-07-20,0.18
2011-07-21,0.18
2011-07-22,0.18
2011-07-25,0.18
2011-07-26,0.18
2011-07-27,0.18
2011-07-28,0.18
2011-07-29,0.18
2011-08-01,0.18
2011-08-02,0.18
2011-08-03,0.18
2011-08-04,0.18
2011-08-05,0.18
2011-08-08,0.18
2011-08-09,0.18
2011-08-10,0.18
2011-08-11,0.18
2011-08-12,0.18
2011-08-15,0.18
2011-08-16,0.18
2011-08-17,0.18
2011-08-18,0.18
2011-08-19,0.18
2011-08-22,0.18
2011-08-23,0.18
2011-08-24,0.18
2011-08-25,0.18
2011-08-26,0.18
2011-08-29,0.18
2011-08-30,0.18
2011-08-31,0.18
2011-09-01,0.18
2011-09-02,0.18
2011-09-05,0.18
2011-09-06,0.18
2011-09-07,0.18
2011-09-08,0.18
2011-09-09,0.18
2011-09-12,0.18
2011-09-13,0.18
2011-09-14,0.18
2011-09-15,0.18
2011-09-16,0.18
2011-09-20,0.18
2011-09-21,0.18
2011-09-22,0.18
2011-09-26,0.18
2011-09-27,0.18
2011-09-28,0.18
2011-09-29,0.18
2011-09-30,0.18
2011-10-03,0.18
2011-10-04,0.18
2011-10-05,0.18
2011-10-06,0.18
2011-10-07,0.18
2011-10-11,0.18
2011-10-12,0.18
2011-10-13,0.18
2011-10-14,0.18
2011-10-17,0.18
2011-10-18,0.18
2011-10-19,0.18
2011-10-20,0.18
2011-10-21,0.18
2011-10-24,0.18
2011-10-25,0.18
2011-10-26,0.18
2011-10-27,0.18
2011-10-28,0.18
2011-10-31,0.18
2011-11-01,0.18
2011-11-02,0.18
2011-11-04,0.18
2011-11-07,0.18
2011-11-08,0.18
2011-11-09,0.18
2011-11-10,0.18
2011-11-11,0.18
2011-11-14,0.18
2011-11-15,0.18
2011-11-16,0.18
2011-11-17,0.18
2011-11-18,0.18
2011-11-21,0.18
2011-11-22,0.18
2011-11-24,0.18
2011-11-25,0.18
2011-11-28,0.18
2011-11-29,0.18
2011-11-30,0.18
2011-12-01,0.18
2011-12-02,0.18
2011-12-05,0.18
2011-12-06,0.18
2011-12-07,0.18
2011-12-08,0.18
2011-12-09,0.18
2011-12-12,0.18
2011-12-13,0.18
2011-12-14,0.18
2011-12-15,0.18
2011-12-16,0.18
2011-12-19,0.18
2011-12-20,0.18
2011-12-21,0.18
2011-12-22,0.18
2011-12-26,0.18
2011-12-27,0.18
2011-12-28,0.18
2011-12-29,0.18
2011-12-30,0.18
2012-01-04,0.18
2012-01-05,0.18
2012-01-06,0.18
2012-01-10,0.18
2012-01-11,0.18
2012-01-12,0.18
2012-01-13,0.18
2012-01-16,0.18
2012-01-17,0.18
2012-01-18,0.18
2012-01-19,0.18
2012-01-20,0.18
2012-01-23,0.18
2012-01-24,0.18
2012-01-25,0.18
2012-01-26,0.18
2012-01-27,0.18
2012-01-30,0.18
2012-01-31,0.18
2012-02-01,0.18
2012-02-02,0.18
2012-02-03,0.18
2012-02-06,0.18
2012-02-07,0.18
2012-02-08,0.18
2012-02-09,0.18
2012-02-10,0.18
2012-02-13,0.18
2012-02-14,0.18
2012-02-15,0.18
2012-02-16,0.18
2012-02-17,0.18
2012-02-20,0.18
2012-02-21,0.18
2012-02-22,0.18
2012-02-23,0.18
2012-02-24,0.18
2012-02-27,0.18
2012-02-28,0.18
2012-02-29,0.18
2012-03-01,0.18
2012-03-02,0.18
2012-03-05,0.18
2012-03-06,0.18
2012-03-07,0.18
2012-03-08,0.18
2012-03-09,0.18
2012-03-12,0.18
2012-03-13,0.18
2012-03-14,0.18
2012-03-15,0.18
2012-03-16,0.18
2012-03-19,0.18
2012-03-21,0.18
2012-03-22,0.18
2012-03-23,0.18
2012-03-26,0.18
2012-03-27,0.18
2012-03-28,0.18
2012-03-29,0.18
2012-03-30,0.18
2012-04-02,0.18
2012-04-03,0.18
2012-04-04,0.18
2012-04-05,0.18
2012-04-06,0.18
2012-04-09,0.18
2012-04-10,0.18
2012-04-11,0.18
2012-04-12,0.18
2012-04-13,0.18
2012-04-16,0.18
2012-04-17,0.18
2012-04-18,0.18
2012-04-19,0.18
2012-04-20,0.18
2012-04-23,0.18
2012-04-24,0.18
2012-04-25,0.18
2012-04-26,0.18
2012-04-27,0.18
2012-05-01,0.18
2012-05-02,0.18
2012-05-07,0.18
2012-05-08,0.18
2012-05-09,0.18
2012-05-10,0.18
2012-05-11,0.18
2012-05-14,0.18
2012-05-15,0.18
2012-05-16,0.18
2012-05-17,0.18
2012-05-18,0.18
2012-05-21,0.18
2012-05-22,0.18
2012-05-23,0.18
2012-05-24,0.18
2012-05-25,0.18
2012-05-28,0.18
2012-05-29,0.18
2012-05-30,0.18
2012-05-31,0.18
2012-06-01,0.18
2012-06-04,0.18
2012-06-05,0.18
2012-06-06,0.18
2012-06-07,0.18
2012-06-08,0.18
2012-06-11,0.18
2012-06-12,0.18
2012-06-13,0.18
2012-06-14,0.18
2012-06-15,0.18
2012-06-18,0.18
2012-06-19,0.18
2012-06-20,0.18
2012-06-21,0.18
2012-06-22,0.18
2012-06-25,0.18
2012-06-26,0.18
2012-06-27,0.18
2012-06-28,0.18
2012-06-29,0.18
2012-07-02,0.18
2012-07-03,0.18
2012-07-04,0.18
2012-07-05,0.18
2012-07-06,0.18
2012-07-09,0.18
2012-07-10,0.18
2012-07-11,0.18
2012-07-12,0.18
2012-07-13,0.18
2012-07-17,0.18
2012-07-18,0.18
2012-07-19,0.18
2012-07-20,0.18
2012-07-23,0.18
2012-07-24,0.18
2012-07-25,0.18
2012-07-26,0.18
2012-07-27,0.18
2012-07-30,0.18
2012-07-31,0.18
2012-08-01,0.18
2012-08-02,0.18
2012-08-03,0.18
2012-08-06,0.18
2012-08-07,0.18
2012-08-08,0.18
2012-08-09,0.18
2012-08-10,0.18
2012-08-13,0.18
2012-08-14,0.18
2012-08-15,0.18
2012-08-16,0.18
2012-08-17,0.18
2012-08-20,0.18
2012-08-21,0.18
2012-08-22,0.18
2012-08-23,0.18
2012-08-24,0.18
2012-08-27,0.18
2012-08-28,0.18
2012-08-29,0.18
2012-08-30,0.18
2012-08-31,0.18
2012-09-03,0.18
2012-09-04,0.18
2012-09-05,0.18
2012-09-06,0.18
2012-09-07,0.18
2012-09-10,0.18
2012-09-11,0.18
2012-09-12,0.18
2012-09-13,0.18
2012-09-14,0.18
2012-09-18,0.18
2012-09-19,0.18
2012-09-20,0.18
2012-09-21,0.18
2012-09-24,0.18
2012-09-25,0.18
2012-09-26,0.18
2012-09-27,0.18
2012-09-28,0.18
2012-10-01,0.18
2012-10-02,0.18
2012-10-03,0.18
2012-10-04,0.18
2012-10-05,0.18
2012-10-09,0.18
2012-10-10,0.18
2012-10-11,0.18
2012-10-12,0.18
2012-10-15,0.18
2012-10-16,0.18
2012-10-17,0.18
2012-10-18,0.18
2012-10-19,0.18
2012-10-22,0.18
2012-10-23,0.18
2012-10-24,0.18
2012-10-25,0.18
2012-10-26,0.18
2012-10-29,0.18
2012-10-30,0.18
2012-10-31,0.18
2012-11-01,0.18
2012-11-02,0.18
2012-11-05,0.18
2012-11-06,0.18
2012-11-07,0.18
2012-11-08,0.18
2012-11-09,0.18
2012-11-12,0.18
2012-11-13,0.18
2012-11-14,0.18
2012-11-15,0.18
2012-11-16,0.18
2012-11-19,0.18
2012-11-20,0.18
2012-11-21,0.18
2012-11-22,0.18
2012-11-26,0.18
2012-11-27,0.18
2012-11-28,0.18
2012-11-29,0.18
2012-11-30,0.18
2012-12-03,0.18
2012-12-04,0.18
2012-12-05,0.18
2012-12-06,0.18
2012-12-07,0.18
2012-12-10,0.18
2012-12-11,0.18
2012-12-12,0.18
2012-12-13,0.18
2012-12-14,0.18
2012-12-17,0.18
2012-12-18,0.18
2012-12-19,0.18
2012-12-20,0.18
2012-12-21,0.18
2012-12-25,0.18
2012-12-26,0.18
2012-12-27,0.18
2012-12-28,0.18
2013-01-04,0.18
2013-01-07,0.18
2013-01-08,0.18
2013-01-09,0.18
2013-01-10,0.18
2013-01-11,0.18
2013-01-15,0.18
2013-01-16,0.18
2013-01-17,0.18
2013-01-18,0.18
2013-01-21,0.18
2013-01-22,0.18
2013-01-23,0.18
2013-01-24,0.18
2013-01-25,0.18
2013-01-28,0.18
2013-01-29,0.18
2013-01-30,0.18
2013-01-31,0.18
2013-02-01,0.18
2013-02-04,0.18
2013-02-05,0.18
2013-02-06,0.18
2013-02-07,0.18
2013-02-08,0.18
2013-02-12,0.17917
2013-02-13,0.1775
2013-02-14,0.17417
2013-02-15,0.17167
2013-02-18,0.17
2013-02-19,0.17
2013-02-20,0.17
2013-02-21,0.17
2013-02-22,0.17
2013-02-25,0.17
2013-02-26,0.17
2013-02-27,0.17
2013-02-28,0.17
2013-03-01,0.16917
2013-03-04,0.16833
2013-03-05,0.16417
2013-03-06,0.16083
2013-03-07,0.16
2013-03-08,0.16
2013-03-11,0.16
2013-03-12,0.16
2013-03-13,0.16
2013-03-14,0.16
2013-03-15,0.16
2013-03-18,0.16
2013-03-19,0.16
2013-03-21,0.16
2013-03-22,0.16
2013-03-25,0.16
2013-03-26,0.16
2013-03-27,0.16
2013-03-28,0.16
2013-03-29,0.16
2013-04-01,0.16
2013-04-02,0.16
2013-04-03,0.16
2013-04-04,0.16
2013-04-05,0.15583
2013-04-08,0.15083
2013-04-09,0.15
2013-04-10,0.15
2013-04-11,0.15
2013-04-12,0.15
2013-04-15,0.15
2013-04-16,0.15
2013-04-17,0.15
2013-04-18,0.15
2013-04-19,0.15
2013-04-22,0.15
2013-04-23,0.15
2013-04-24,0.15
2013-04-25,0.15
2013-04-26,0.15
2013-04-30,0.15
2013-05-01,0.15
2013-05-02,0.15
2013-05-07,0.15
2013-05-08,0.15
2013-05-09,0.15
2013-05-10,0.15
2013-05-13,0.15
2013-05-14,0.15
2013-05-15,0.15
2013-05-16,0.15
2013-05-17,0.15
2013-05-20,0.15
2013-05-21,0.15
2013-05-22,0.15
2013-05-23,0.15
2013-05-24,0.15
2013-05-27,0.15
2013-05-28,0.15
2013-05-29,0.15
2013-05-30,0.15
2013-05-31,0.15
2013-06-03,0.15
2013-06-04,0.15
2013-06-05,0.15
2013-06-06,0.15
2013-06-07,0.15
2013-06-10,0.15
2013-06-11,0.15
2013-06-12,0.15
2013-06-13,0.15
2013-06-14,0.15
2013-06-17,0.15
2013-06-18,0.15
2013-06-19,0.15
2013-06-20,0.15
2013-06-21,0.15
2013-06-24,0.15
2013-06-25,0.15
2013-06-26,0.15
2013-06-27,0.15
2013-06-28,0.15
2013-07-01,0.15
2013-07-02,0.15
2013-07-03,0.15
2013-07-04,0.15
2013-07-05,0.15
2013-07-08,0.15
2013-07-09,0.15
2013-07-10,0.15
2013-07-11,0.15
2013-07-12,0.15
2013-07-16,0.15
2013-07-17,0.15
2013-07-18,0.15
2013-07-19,0.15
2013-07-22,0.15
2013-07-23,0.15
2013-07-24,0.15
2013-07-25,0.15
2013-07-26,0.15
2013-07-29,0.15
2013-07-30,0.15
2013-07-31,0.15
2013-08-01,0.15
2013-08-02,0.15
2013-08-05,0.15
2013-08-06,0.15
2013-08-07,0.15
2013-08-08,0.15
2013-08-09,0.15
2013-08-12,0.15
2013-08-13,0.15
2013-08-14,0.15
2013-08-15,0.15
2013-08-16,0.15
2013-08-19,0.15
2013-08-20,0.15
2013-08-21,0.15
2013-08-22,0.15
2013-08-23,0.15
2013-08-26,0.15
2013-08-27,0.15
2013-08-28,0.15
2013-08-29,0.15
2013-08-30,0.15
2013-09-02,0.15
2013-09-03,0.15
2013-09-04,0.15
2013-09-05,0.15
2013-09-06,0.15
2013-09-09,0.15
2013-09-10,0.15
2013-09-11,0.15
2013-09-12,0.15
2013-09-13,0.15
2013-09-17,0.15
2013-09-18,0.15
2013-09-19,0.15
2013-09-20,0.15
2013-09-24,0.15
2013-09-25,0.15
2013-09-26,0.15
2013-09-27,0.15
2013-09-30,0.15
2013-10-01,0.15
2013-10-02,0.15
2013-10-03,0.15
2013-10-04,0.15
2013-10-07,0.14909
2013-10-08,0.14818
2013-10-09,0.14818
2013-10-10,0.14818
2013-10-11,0.14818
2013-10-15,0.14818
2013-10-16,0.14818
2013-10-17,0.14818
2013-10-18,0.14818
2013-10-21,0.14818
2013-10-22,0.14818
2013-10-23,0.14818
2013-10-24,0.14818
2013-10-25,0.14818
2013-10-28,0.14818
2013-10-29,0.14818
2013-10-30,0.14818
2013-10-31,0.14818
2013-11-01,0.14818
2013-11-05,0.14818
2013-11-06,0.14818
2013-11-07,0.14818
2013-11-08,0.14818
2013-11-11,0.14818
2013-11-12,0.14818
2013-11-13,0.14818
2013-11-14,0.14818
2013-11-15,0.14818
2013-11-18,0.14818
2013-11-19,0.14818
2013-11-20,0.14818
2013-11-21,0.14818
2013-11-22,0.14818
2013-11-25,0.14818
2013-11-26,0.14818
2013-11-27,0.14818
2013-11-28,0.14818
2013-11-29,0.14818
2013-12-02,0.14818
2013-12-03,0.14818
2013-12-04,0.14818
2013-12-05,0.14818
2013-12-06,0.14818
2013-12-09,0.14818
2013-12-10,0.14818
2013-12-11,0.14818
2013-12-12,0.14818
2013-12-13,0.14818
2013-12-16,0.14818
2013-12-17,0.14818
2013-12-18,0.14818
2013-12-19,0.14818
2013-12-20,0.14818
2013-12-24,0.14818
2013-12-25,0.14818
2013-12-26,0.14818
2013-12-27,0.14818
2013-12-30,0.14818
2014-01-06,0.14818
2014-01-07,0.14818
2014-01-08,0.14818
2014-01-09,0.14818
2014-01-10,0.14818
2014-01-14,0.14818
2014-01-15,0.14818
2014-01-16,0.14818
2014-01-17,0.14818
2014-01-20,0.14818
2014-01-21,0.14818
2014-01-22,0.14818
2014-01-23,0.14818
2014-01-24,0.14818
2014-01-27,0.14818
2014-01-28,0.14818
2014-01-29,0.14818
2014-01-30,0.14818
2014-01-31,0.14818
2014-02-03,0.14818
2014-02-04,0.14818
2014-02-05,0.14818
2014-02-06,0.14818
2014-02-07,0.14818
2014-02-10,0.14818
2014-02-12,0.14818
2014-02-13,0.14818
2014-02-14,0.14818
2014-02-17,0.14818
2014-02-18,0.14818
2014-02-19,0.14727
2014-02-20,0.14636
2014-02-21,0.14636
2014-02-24,0.14636
2014-02-25,0.14636
2014-02-26,0.14636
2014-02-27,0.14636
2014-02-28,0.14636
2014-03-03,0.14636
2014-03-04,0.14636
2014-03-05,0.14636
2014-03-06,0.14636
2014-03-07,0.14636
2014-03-10,0.14636
2014-03-11,0.14636
2014-03-12,0.14636
2014-03-13,0.14636
2014-03-14,0.14636
2014-03-17,0.14636
2014-03-18,0.14636
2014-03-19,0.14636
2014-03-20,0.14636
2014-03-24,0.14636
2014-03-25,0.14636
2014-03-26,0.14636
2014-03-27,0.14636
2014-03-28,0.14636
2014-03-31,0.14636
2014-04-01,0.14636
2014-04-02,0.14636
2014-04-03,0.14636
2014-04-04,0.14636
2014-04-07,0.14636
2014-04-08,0.14636
2014-04-09,0.14636
2014-04-10,0.14636
2014-04-11,0.14636
2014-04-14,0.14636
2014-04-15,0.14636
2014-04-16,0.14636
2014-04-17,0.14636
2014-04-18,0.14636
2014-04-21,0.14636
2014-04-22,0.14636
2014-04-23,0.14636
2014-04-24,0.14636
2014-04-25,0.14636
2014-04-28,0.14636
2014-04-30,0.14636
2014-05-01,0.14636
2014-05-02,0.14636
2014-05-07,0.14636
2014-05-08,0.14636
2014-05-09,0.14636
2014-05-12,0.14636
2014-05-13,0.14636
2014-05-14,0.14636
2014-05-15,0.14636
2014-05-16,0.14636
2014-05-19,0.14636
2014-05-20,0.14636
2014-05-21,0.14636
2014-05-22,0.14636
2014-05-23,0.14636
2014-05-26,0.14636
2014-05-27,0.14636
2014-05-28,0.14636
2014-05-29,0.14636
2014-05-30,0.14636
2014-06-02,0.14636
2014-06-03,0.14636
2014-06-04,0.14636
2014-06-05,0.14636
2014-06-06,0.14636
2014-06-09,0.14636
2014-06-10,0.14636
2014-06-11,0.14636
2014-06-12,0.14636
2014-06-13,0.14636
2014-06-16,0.14636
2014-06-17,0.14636
2014-06-18,0.14636
2014-06-19,0.14636
2014-06-20,0.14636
2014-06-23,0.14636
2014-06-24,0.14636
2014-06-25,0.14636
2014-06-26,0.14636
2014-06-27,0.14636
2014-06-30,0.14636
2014-07-01,0.14636
2014-07-02,0.14636
2014-07-03,0.14636
2014-07-04,0.14636
2014-07-07,0.14636
2014-07-08,0.14636
2014-07-09,0.14636
2014-07-10,0.14636
2014-07-11,0.14636
2014-07-14,0.14636
2014-07-15,0.14636
2014-07-16,0.14636
2014-07-17,0.14636
2014-07-18,0.14636
2014-07-22,0.14636
2014-07-23,0.14636
2014-07-24,0.14636
2014-07-25,0.14636
2014-07-28,0.14636
2014-07-29,0.14636
2014-07-30,0.14636
2014-07-31,0.14636
2014-08-01,0.14636
2014-08-04,0.14636
2014-08-05,0.14636
2014-08-06,0.14636
2014-08-07,0.14636
2014-08-08,0.14636
2014-08-11,0.14636
2014-08-12,0.14636
2014-08-13,0.14636
2014-08-14,0.14636
2014-08-15,0.14636
2014-08-18,0.14636
2014-08-19,0.14636
2014-08-20,0.14636
2014-08-21,0.14636
2014-08-22,0.14636
2014-08-25,0.14636
2014-08-26,0.14636
2014-08-27,0.14636
2014-08-28,0.14636
2014-08-29,0.14636
2014-09-01,0.14636
2014-09-02,0.14636
2014-09-03,0.14636
2014-09-04,0.14636
2014-09-05,0.14636
2014-09-08,0.14636
2014-09-09,0.14636
2014-09-10,0.14636
2014-09-11,0.14636
2014-09-12,0.14636
2014-09-16,0.14636
2014-09-17,0.14636
2014-09-18,0.14636
2014-09-19,0.14636
2014-09-22,0.14636
2014-09-24,0.14636
2014-09-25,0.14636
2014-09-26,0.14636
2014-09-29,0.14636
2014-09-30,0.14636
2014-10-01,0.14636
2014-10-02,0.14636
2014-10-03,0.14636
2014-10-06,0.14636
2014-10-07,0.14636
2014-10-08,0.14636
2014-10-09,0.14636
2014-10-10,0.14545
2014-10-14,0.14364
2014-10-15,0.14182
2014-10-16,0.14182
2014-10-17,0.14182
2014-10-20,0.14091
2014-10-21,0.14
2014-10-22,0.14
2014-10-23,0.14
2014-10-24,0.14
2014-10-27,0.14
2014-10-28,0.14
2014-10-29,0.14
2014-10-30,0.14
2014-10-31,0.13909
2014-11-04,0.13727
2014-11-05,0.13636
2014-11-06,0.13545
2014-11-07,0.13364
2014-11-10,0.13364
2014-11-11,0.13364
2014-11-12,0.13364
2014-11-13,0.13364
2014-11-14,0.13364
2014-11-17,0.13364
2014-11-18,0.13364
2014-11-19,0.13364
2014-11-20,0.13364
2014-11-21,0.13364
2014-11-25,0.13273
2014-11-26,0.13273
2014-11-27,0.13273
2014-11-28,0.13273
2014-12-01,0.13273
2014-12-02,0.13273
2014-12-03,0.13273
2014-12-04,0.13273
2014-12-05,0.13273
2014-12-08,0.13273
2014-12-09,0.13273
2014-12-10,0.13273
2014-12-11,0.13273
2014-12-12,0.13273
2014-12-15,0.13273
2014-12-16,0.13273
2014-12-17,0.13273
2014-12-18,0.13273
2014-12-19,0.13273
2014-12-22,0.13273
2014-12-24,0.13273
2014-12-25,0.13273
2014-12-26,0.13182
2014-12-29,0.13182
2014-12-30,0.13182
2015-01-05,0.13182
2015-01-06,0.13182
2015-01-07,0.13182
2015-01-08,0.13182
2015-01-09,0.13182
2015-01-13,0.13182
2015-01-14,0.13182
2015-01-15,0.13182
2015-01-16,0.13182
2015-01-19,0.13091
2015-01-20,0.13
2015-01-21,0.13
2015-01-22,0.13
2015-01-23,0.13
2015-01-26,0.13
2015-01-27,0.13
2015-01-28,0.13
2015-01-29,0.13
2015-01-30,0.13
2015-02-02,0.13
2015-02-03,0.13
2015-02-04,0.13
2015-02-05,0.13
2015-02-06,0.13
2015-02-09,0.13
2015-02-10,0.13
2015-02-12,0.13
2015-02-13,0.13
2015-02-16,0.13
2015-02-17,0.13
2015-02-18,0.13
2015-02-19,0.13
2015-02-20,0.13
2015-02-23,0.13
2015-02-24,0.13
2015-02-25,0.13
2015-02-26,0.13
2015-02-27,0.13
2015-03-02,0.13
2015-03-03,0.13
2015-03-04,0.13
2015-03-05,0.13
2015-03-06,0.13
2015-03-09,0.13
2015-03-10,0.13
2015-03-11,0.13
2015-03-12,0.13
2015-03-13,0.13
2015-03-16,0.13
2015-03-17,0.13
2015-03-18,0.13
2015-03-19,0.13
2015-03-20,0.13
2015-03-23,0.13
2015-03-24,0.13
2015-03-25,0.13
2015-03-26,0.13
2015-03-27,0.13
2015-03-30,0.13
2015-03-31,0.13
2015-04-01,0.13
2015-04-02,0.13
2015-04-03,0.13
2015-04-06,0.13
2015-04-07,0.13
2015-04-08,0.13
2015-04-09,0.13
2015-04-10,0.13
2015-04-13,0.13
2015-04-14,0.13
2015-04-15,0.13
2015-04-16,0.13
2015-04-17,0.13
2015-04-20,0.13
2015-04-21,0.13
2015-04-22,0.13
2015-04-23,0.13
2015-04-24,0.13
2015-04-27,0.13
2015-04-28,0.13
2015-04-30,0.13
2015-05-01,0.13
2015-05-07,0.13
2015-05-08,0.13
2015-05-11,0.13
2015-05-12,0.13
2015-05-13,0.13
2015-05-14,0.13
2015-05-15,0.13
2015-05-18,0.13
2015-05-19,0.13
2015-05-20,0.13
2015-05-21,0.13
2015-05-22,0.13
2015-05-25,0.13
2015-05-26,0.13
2015-05-27,0.13
2015-05-28,0.13
2015-05-29,0.13
2015-06-01,0.13
2015-06-02,0.13
2015-06-03,0.13
2015-06-04,0.13
2015-06-05,0.13
2015-06-08,0.13
2015-06-09,0.13
2015-06-10,0.13
2015-06-11,0.13
2015-06-12,0.13
2015-06-15,0.13
2015-06-16,0.13
2015-06-17,0.13
2015-06-18,0.13
2015-06-19,0.13
2015-06-22,0.13
2015-06-23,0.13
2015-06-24,0.13
2015-06-25,0.13
2015-06-26,0.13
2015-06-29,0.13
2015-06-30,0.13
2015-07-01,0.13
2015-07-02,0.13
2015-07-03,0.13
2015-07-06,0.13
2015-07-07,0.13
2015-07-08,0.13
2015-07-09,0.13
2015-07-10,0.13
2015-07-13,0.13
2015-07-14,0.13
2015-07-15,0.13
2015-07-16,0.13
2015-07-17,0.13
2015-07-21,0.13
2015-07-22,0.13
2015-07-23,0.13
2015-07-24,0.13
2015-07-27,0.13
2015-07-28,0.13
2015-07-29,0.13
2015-07-30,0.13
2015-07-31,0.13
2015-08-03,0.13
2015-08-04,0.13
2015-08-05,0.13
2015-08-06,0.13
2015-08-07,0.13
2015-08-10,0.13
2015-08-11,0.13
2015-08-12,0.13
2015-08-13,0.13
2015-08-14,0.13
2015-08-17,0.13
2015-08-18,0.13
2015-08-19,0.13
2015-08-20,0.13
2015-08-21,0.13
2015-08-24,0.13
2015-08-25,0.13
2015-08-26,0.13
2015-08-27,0.13
2015-08-28,0.13
2015-08-31,0.13
2015-09-01,0.13
2015-09-02,0.13
2015-09-03,0.13
2015-09-04,0.13
2015-09-07,0.13
2015-09-08,0.13
2015-09-09,0.13
2015-09-10,0.13
2015-09-11,0.13
2015-09-14,0.13
2015-09-15,0.13
2015-09-16,0.13
2015-09-17,0.13
2015-09-18,0.13
2015-09-24,0.13
2015-09-25,0.13
2015-09-28,0.13
2015-09-29,0.13
2015-09-30,0.13
2015-10-01,0.13
2015-10-02,0.13
2015-10-05,0.13
2015-10-06,0.13
2015-10-07,0.13
2015-10-08,0.13
2015-10-09,0.13
2015-10-13,0.13
2015-10-14,0.13
2015-10-15,0.13
2015-10-16,0.13
2015-10-19,0.13
2015-10-20,0.13
2015-10-21,0.13
2015-10-22,0.13
2015-10-23,0.13
2015-10-26,0.13
2015-10-27,0.13
2015-10-28,0.13
2015-10-29,0.13
2015-10-30,0.13
2015-11-02,0.13
2015-11-04,0.13
2015-11-05,0.13
2015-11-06,0.13
2015-11-09,0.13
2015-11-10,0.13
2015-11-11,0.13
2015-11-12,0.13
2015-11-13,0.13
2015-11-16,0.13
2015-11-17,0.13
2015-11-18,0.13
2015-11-19,0.13
2015-11-20,0.13
2015-11-24,0.13
2015-11-25,0.13
2015-11-26,0.13
2015-11-27,0.13
2015-11-30,0.13
2015-12-01,0.13
2015-12-02,0.13
2015-12-03,0.13
2015-12-04,0.13
2015-12-07,0.13
2015-12-08,0.13
2015-12-09,0.13
2015-12-10,0.13
2015-12-11,0.13
2015-12-14,0.13
2015-12-15,0.13
2015-12-16,0.13
2015-12-17,0.13
2015-12-18,0.13
2015-12-21,0.13
2015-12-22,0.13
2015-12-24,0.13
2015-12-25,0.13
2015-12-28,0.13
2015-12-29,0.13
2015-12-30,0.13
2016-01-04,0.13
2016-01-05,0.13
2016-01-06,0.13
2016-01-07,0.13
2016-01-08,0.13
2016-01-12,0.13
2016-01-13,0.13
2016-01-14,0.13
2016-01-15,0.13
2016-01-18,0.13
2016-01-19,0.13
2016-01-20,0.13
2016-01-21,0.13
2016-01-22,0.13
2016-01-25,0.13
2016-01-26,0.13
2016-01-27,0.13
2016-01-28,0.13
2016-01-29,0.13
2016-02-01,0.11182
2016-02-02,0.10909
2016-02-03,0.10727
2016-02-04,0.10545
2016-02-05,0.10273
2016-02-08,0.10182
2016-02-09,0.10182
2016-02-10,0.1
2016-02-12,0.09727
2016-02-15,0.09727
2016-02-16,0.09091
2016-02-17,0.08545
2016-02-18,0.08091
2016-02-19,0.07727
2016-02-22,0.07636
2016-02-23,0.07545
2016-02-24,0.07545
2016-02-25,0.07545
2016-02-26,0.07455
2016-02-29,0.07364
2016-03-01,0.07364
2016-03-02,0.07364
2016-03-03,0.07364
2016-03-04,0.07364
2016-03-07,0.07364
2016-03-08,0.07364
2016-03-09,0.07364
2016-03-10,0.07364
2016-03-11,0.07364
2016-03-14,0.07364
2016-03-15,0.07364
2016-03-16,0.07364
2016-03-17,0.07364
2016-03-18,0.07364
2016-03-22,0.07364
2016-03-23,0.07364
2016-03-24,0.07364
2016-03-25,0.07364
2016-03-28,0.07364
2016-03-29,0.07364
2016-03-30,0.07364
2016-03-31,0.07364
2016-04-01,0.07364
2016-04-04,0.07364
2016-04-05,0.07364
2016-04-06,0.07364
2016-04-07,0.07273
2016-04-08,0.07182
2016-04-11,0.07182
2016-04-12,0.07182
2016-04-13,0.07182
2016-04-14,0.07182
2016-04-15,0.07182
2016-04-18,0.06
2016-04-19,0.04909
2016-04-20,0.04727
2016-04-21,0.04545
2016-04-22,0.04091
2016-04-25,0.03818
2016-04-26,0.03545
2016-04-27,0.03455
2016-04-28,0.03455
2016-05-02,0.03455
2016-05-06,0.03455
2016-05-09,0.03455
2016-05-10,0.03455
2016-05-11,0.03455
2016-05-12,0.03455
2016-05-13,0.03455
2016-05-16,0.03455
2016-05-17,0.03455
2016-05-18,0.03455
2016-05-19,0.03455
2016-05-20,0.03455
2016-05-23,0.03455
2016-05-24,0.03455
2016-05-25,0.03455
2016-05-26,0.03455
2016-05-27,0.03455
2016-05-30,0.03455
2016-05-31,0.03455
2016-06-01,0.03455
2016-06-02,0.03455
2016-06-03,0.03455
2016-06-06,0.03455
2016-06-07,0.03455
2016-06-08,0.03455
2016-06-09,0.03455
2016-06-10,0.03455
2016-06-13,0.03455
2016-06-14,0.03455
2016-06-15,0.03455
2016-06-16,0.03364
2016-06-17,0.03364
2016-06-20,0.03364
2016-06-21,0.03364
2016-06-22,0.03364
2016-06-23,0.03364
2016-06-24,0.03364
2016-06-27,0.03364
2016-06-28,0.03364
2016-06-29,0.03364
2016-06-30,0.03273
2016-07-01,0.03273
2016-07-04,0.03273
2016-07-05,0.03273
2016-07-06,0.03273
2016-07-07,0.03273
2016-07-08,0.03273
2016-07-11,0.03273
2016-07-12,0.03273
2016-07-13,0.03273
2016-07-14,0.03182
2016-07-15,0.03182
2016-07-19,0.03182
2016-07-20,0.03182
2016-07-21,0.03182
2016-07-22,0.03182
2016-07-25,0.03182
2016-07-26,0.03182
2016-07-27,0.03182
2016-07-28,0.03182
2016-07-29,0.03182
2016-08-01,0.03182
2016-08-02,0.03182
2016-08-03,0.03182
2016-08-04,0.03182
2016-08-05,0.03182
2016-08-08,0.03182
2016-08-09,0.03182
2016-08-10,0.03182
2016-08-12,0.03182
2016-08-15,0.03182
2016-08-16,0.03182
2016-08-17,0.03182
2016-08-18,0.03182
2016-08-19,0.03182
2016-08-22,0.03182
2016-08-23,0.03182
2016-08-24,0.03182
2016-08-25,0.03182
2016-08-26,0.03182
2016-08-29,0.03182
2016-08-30,0.03182
2016-08-31,0.03182
2016-09-01,0.03182
2016-09-02,0.03182
2016-09-05,0.03182
2016-09-06,0.03182
2016-09-07,0.03182
2016-09-08,0.03182
2016-09-09,0.03182
2016-09-12,0.03182
2016-09-13,0.03182
2016-09-14,0.03182
2016-09-15,0.03182
2016-09-16,0.03182
2016-09-20,0.03182
2016-09-21,0.03182
2016-09-23,0.03091
2016-09-26,0.03091
2016-09-27,0.03
2016-09-28,0.03
2016-09-29,0.03
2016-09-30,0.03
2016-10-03,0.03
2016-10-04,0.03
2016-10-05,0.03
2016-10-06,0.03
2016-10-07,0.03
2016-10-11,0.03
2016-10-12,0.03
2016-10-13,0.03
2016-10-14,0.03
2016-10-17,0.03
2016-10-18,0.03
2016-10-19,0.03
2016-10-20,0.03
2016-10-21,0.03
2016-10-24,0.03
2016-10-25,0.03
2016-10-26,0.03
2016-10-27,0.03
2016-10-28,0.03
2016-10-31,0.03
2016-11-01,0.03
2016-11-02,0.03
2016-11-04,0.03
2016-11-07,0.03
2016-11-08,0.03
2016-11-09,0.03
2016-11-10,0.03
2016-11-11,0.03
2016-11-14,0.03
2016-11-15,0.03
2016-11-16,0.03
2016-11-17,0.03
2016-11-18,0.03
2016-11-21,0.03
2016-11-22,0.03
2016-11-24,0.03
2016-11-25,0.03
2016-11-28,0.03
2016-11-29,0.03
2016-11-30,0.03
2016-12-01,0.03
2016-12-02,0.03
2016-12-05,0.03
2016-12-06,0.03
2016-12-07,0.03
2016-12-08,0.03
2016-12-09,0.03
2016-12-12,0.03
2016-12-13,0.03
2016-12-14,0.03
2016-12-15,0.03
2016-12-16,0.03
2016-12-19,0.03
2016-12-20,0.03
2016-12-21,0.03
2016-12-22,0.03
2016-12-26,0.03
2016-12-27,0.03
2016-12-28,0.03
2016-12-29,0.03
2016-12-30,0.03
